time,position,velocity,exact_position,exact_velocity,energy
0,1,0,1,0,0.5
0.12,0.9928,-0.119568,0.992808635854,-0.119712207289,0.499974173312
0.24,0.97130368,-0.2374142208,0.971337974852,-0.237702626427,0.49989817551
0.36,0.935820587008,-0.35184167682,0.935896823678,-0.352274233275,0.499776368308
0.48,0.886861677563,-0.461202612695,0.886994922779,-0.461779175541,0.499615742543
0.6,0.825131959961,-0.563922230946,0.82533561491,-0.564642473395,0.499425516952
0.72,0.751520342136,-0.658521369072,0.751805729141,-0.659384671971,0.499216609084
0.84,0.667086831384,-0.743637799483,0.667462825841,-0.744643119971,0.499001008713
0.96,0.57304727026,-0.818045845582,0.573519986072,-0.819191568301,0.498791089713
1.08,0.470755828444,-0.880674031504,0.471328364174,-0.881957806885,0.49859889989
1.2,0.361685502699,-0.930620511373,0.362357754477,-0.932039085967,0.498435469525
1.32,0.247406905715,-0.967166055878,0.248175451652,-0.968715100118,0.498310178319
1.44,0.129565649288,-0.989784409178,0.130423708738,-0.991458348192,0.498230217063
1.56,0.0098586475122,-0.998149866986,0.0107961170583,-0.99994172023,0.498200174947
1.68,-0.109990318788,-0.992141966709,-0.10898675224,-0.994043202198,0.498221776166
1.8,-0.228255424498,-0.971847222112,-0.227202094693,-0.973847630878,0.49829378097
1.92,-0.343233652095,-0.937557877516,-0.342149651151,-0.939645473685,0.498412056812
2.04,-0.453269315102,-0.889767699485,-0.452176162141,-0.891928650953,0.49856981553
2.16,-0.556777899971,-0.82916486658,-0.555699146251,-0.831383460779,0.498758002934
2.28,-0.652268883081,-0.756622059597,-0.651229660528,-0.758880708181,0.498965818453
2.4,-0.738367194275,-0.673183894956,-0.737393715541,-0.675463180551,0.499181335004
2.52,-0.813833017871,-0.580051882227,-0.8129520371,-0.582330649524,0.499392183526
2.64,-0.877579646009,-0.478567122394,-0.876817890394,-0.480822614989,0.499586262863
2.76,-0.928689127245,-0.370190995999,-0.928072710209,-0.372399039425,0.499752434291
2.88,-0.966425485049,-0.256484119261,-0.965979312398,-0.258619349661,0.499881160793
3,-0.990245315868,-0.139083871206,-0.9899924966,-0.14112000806,0.499965054414
3.12,-0.999805614138,-0.0196808154059,-0.999766887713,-0.0215909757261,0.499999300279
3.24,-0.994968711565,0.100005644136,-0.995161903324,0.0982485937451,0.499981932927
3.36,-0.975804259546,0.218252022403,-0.976243775672,0.216675080387,0.499913949115
3.48,-0.942588226189,0.333355571547,-0.943284599048,0.331985188221,0.499799250615
3.6,-0.895798922374,0.443658800461,-0.896758416334,0.442520443295,0.499644420277
3.72,-0.836110114078,0.547573342648,-0.837334400974,0.546691047069,0.499458344221
3.84,-0.764381320139,0.643602828701,-0.765867232435,0.642998742054,0.499251701845
3.96,-0.68164543519,0.730364434021,-0.683384803583,0.730058360839,0.499036352899
4.08,-0.589093855974,0.806608791491,-0.591073436783,0.806617748583,0.498824656828
4.2,-0.488059325232,0.871237982363,-0.490260821341,0.871575772414,0.498628763429
4.32,-0.379996740207,0.923321346289,-0.382396917713,0.923998158723,0.498459915541
4.44,-0.266462202123,0.962108882829,-0.269033103117,0.963130930573,0.498327803789
4.56,-0.149090608328,0.987042051456,-0.151799858498,0.988411251939,0.498240010417
4.68,-0.0295721097732,0.997761814542,-0.0323833177597,0.999475522827,0.498201574117
4.8,0.0903722271622,0.994113807499,0.0874989834394,0.996164608836,0.498214700851
4.92,0.209015204026,0.976150561627,0.206122810534,0.978526129941,0.49827863724
5.04,0.324648361953,0.944130747669,0.32178202925,0.946813775593,0.498389713806
5.16,0.435606583467,0.898515450944,0.432813144469,0.901483655966,0.498541555572
5.28,0.540292070179,0.839961531725,0.537619225831,0.843187741856,0.498725447938
5.4,0.637197351081,0.769312166449,0.634692875943,0.772764487556,0.498930836836
5.52,0.724926990127,0.687584705977,0.722637910871,0.691226771597,0.499145934454
5.64,0.802217680515,0.595956025738,0.800189441073,0.599747328794,0.499358395772
5.76,0.867956436304,0.495745578729,0.866232063962,0.499641883117,0.499556027076
5.88,0.92119661941,0.388396395386,0.919815906437,0.392350223991,0.499727485781
6,0.961171571197,0.27545430395,0.96017028665,0.279415498199,0.499862931421
6.12,0.987305652358,0.158545670536,0.986714798517,0.162462015215,0.499954590412
6.24,0.999222532126,0.0393539794673,0.999067659534,0.0431718852087,0.499997202204
6.36,0.99675060743,-0.080404408906,0.997051201859,-0.0767391742925,0.499988321192
6.48,0.979925473988,-0.199004973791,0.980694427654,-0.195546515101,0.499928457082
6.6,0.94898941372,-0.314739867054,0.950232591959,-0.311541363513,0.499821045633
6.72,0.904387905895,-0.425942506231,0.906103819078,-0.423055397143,0.499672251472
6.84,0.846763212225,-0.531011573318,0.848942801164,-0.528484739943,0.499490614288
6.96,0.776945128299,-0.628434073749,0.779571669604,-0.626313030322,0.499286558718
7.08,0.695939034525,-0.716807123519,0.698988170536,-0.715133230559,0.499071796052
7.2,0.604911418654,-0.79485815071,0.608351314532,-0.793667863849,0.498858652084
7.32,0.505173078355,-0.86146322053,0.508964706865,-0.860787387899,0.49865935971
7.44,0.398160245727,-0.915663219975,0.402257798109,-0.915526440831,0.498485356846
7.56,0.285413905561,-0.956677669052,0.289765324738,-0.95709772572,0.498346629975
7.68,0.168557605155,-0.983915959695,0.173105235434,-0.984903334072,0.498251140999
7.8,0.0492740752342,-0.996985860519,0.0539554205626,-0.998543345375,0.498204370282
7.92,-0.0707190013698,-0.99569916495,-0.0659704204627,-0.997821579053,0.498209002119
8.04,-0.189693724354,-0.980074401407,-0.184947426855,-0.982748416076,0.498264770676
8.16,-0.305936857707,-0.950336566483,-0.301264384659,-0.953540649651,0.49836847525
8.28,-0.41777450031,-0.906913885002,-0.413248338674,-0.910618367146,0.49851416396
8.4,-0.523596190108,-0.850431643577,-0.519288654117,-0.854598908088,0.498693475347
8.52,-0.621878094768,-0.781703186485,-0.617860181942,-0.786287985137,0.498896118257
8.64,-0.711204954864,-0.701718203507,-0.707545194648,-0.706668095736,0.499110462478
8.76,-0.79029046361,-0.611628478398,-0.787053777064,-0.616884391121,0.49932420623
8.88,-0.85799578968,-0.512731303201,-0.855242378854,-0.518228205921,0.499525082195
9,-0.913345976378,-0.406450797237,-0.911130261885,-0.412118485242,0.499701561571
9.12,-0.955543981017,-0.294317399794,-0.95391360592,-0.300081376365,0.499843515739
9.24,-0.983982152329,-0.177945831793,-0.982977069747,-0.183728278587,0.499942797577
9.36,-0.998250980647,-0.0590118438143,-0.997902641462,-0.0647326668976,0.499993709037
9.48,-0.998144994844,0.0607719147152,-0.998475650623,0.0551939771511,0.499993328175
9.6,-0.983665721115,0.179680557673,-0.984687855794,0.174326781223,0.499941676852
9.72,-0.955021661003,0.2960018006,-0.956737563083,0.290952290566,0.499841719471
9.84,-0.912625288972,0.408060617598,-0.915026773955,0.403393112169,0.499699192853
9.96,-0.857087112779,0.514243361703,-0.860155403357,0.510032040244,0.499522276974
10.08,-0.789206882163,0.6130210014,-0.792912651304,0.609335316064,0.499321125505
10.2,-0.709962072443,0.702971138676,-0.714265652027,0.699874687594,0.49910728306
10.32,-0.62049380888,0.782798491556,-0.625345563949,0.780347951653,0.49889302262
10.44,-0.52209043447,0.851353546157,-0.527431300536,0.849597683151,0.498690641159
10.56,-0.416168957803,0.907649109693,-0.421931136034,0.906627882014,0.498511753883
10.68,-0.304254648144,0.95087452605,-0.310362450644,0.950618298388,0.498366627604
10.8,-0.187959071551,0.980407349231,-0.194329906455,0.980936230066,0.498263591503
10.92,-0.068956884328,0.995822306584,-0.0755023680226,0.997145622476,0.498208559093
11.04,0.0510382820293,0.996897422722,0.0444111004548,0.99901334033,0.498204688831
11.16,0.170298497125,0.983617215973,0.163685816141,0.986512520749,0.498252202841
11.28,0.287106413863,0.956172921314,0.280606283209,0.959822959625,0.498348374167
11.4,0.399779998241,0.914959736587,0.393490866348,0.919328525665,0.498487683285
11.52,0.506696750644,0.860571131654,0.500715977271,0.865611639308,0.498662134875
11.64,0.606317069838,0.793790302425,0.600739426341,0.799444895937,0.498861716701
11.76,0.697206423226,0.715578892842,0.692122603468,0.721779953843,0.499074974234
11.88,0.77805600412,0.627063147201,0.773551169244,0.633733846786,0.499289668062
12,0.847701578554,0.52951769224,0.843853958732,0.536572918,0.499493476339
12.12,0.905140250257,0.424347182512,0.902019826014,0.431694606727,0.499674701971
12.24,0.949544902357,0.313066073355,0.947212187224,0.320607349219,0.499822943939
12.36,0.980276107862,0.197276812742,0.978781052911,0.20490888332,0.499929694246
12.48,0.996891337415,0.0786467660251,0.996272376655,0.0862632686263,0.49998882621
12.6,0.999151331708,-0.0411157941223,0.999434585501,-0.0336230472211,0.499996946091
12.72,0.987023546826,-0.160286286834,0.988222198258,-0.153025771916,0.499953587868
12.84,0.960682622868,-0.277148657016,0.962796479645,-0.270227568512,0.499861239983
12.96,0.920507869142,-0.390020086537,0.923523120864,-0.383542755413,0.499725202527
13.08,0.867077802099,-0.497275226811,0.870966979964,-0.491341551074,0.499553283047
13.2,0.801161814707,-0.597369603819,0.80588395764,-0.592073514707,0.499355348456
13.32,0.723709097183,-0.688861858533,0.729210125319,-0.68428984585,0.499142758743
13.44,0.635834968659,-0.770434502483,0.642048261896,-0.766664222066,0.498927714993
13.56,0.538804816587,-0.840912889598,0.545651992773,-0.838011875085,0.498722559135
13.68,0.434015875156,-0.899282131103,0.441407759295,-0.897306630999,0.498539065604
13.8,0.322977105122,-0.944701709919,0.330814877949,-0.943695669444,0.498387765579
13.92,0.207287464775,-0.976517584113,0.215463976099,-0.976511789485,0.498277342567
14.04,0.088612884935,-0.994271605096,0.0970141144232,-0.995283005784,0.498214134038
14.16,-0.031337720448,-0.997708114965,-0.0228310749005,-0.999739337037,0.498201767695
14.28,-0.150837062657,-0.986777627979,-0.142347891077,-0.989816689042,0.498240953275
14.4,-0.268164351163,-0.96163754315,-0.259817356214,-0.965657776549,0.498329441815
14.52,-0.381630073012,-0.922649877699,-0.37354993891,-0.927610070633,0.498462154723
14.64,-0.489600321811,-0.87037605401,-0.481909854332,-0.87622080111,0.498631475255
14.76,-0.590520325975,-0.805568815142,-0.583338591257,-0.812229085881,0.49882768566
14.88,-0.682936837445,-0.729161385337,-0.676377327722,-0.736555300398,0.499039524903
15,-0.765519058456,-0.642254031583,-0.759687912859,-0.650287840157,0.499254834972
15.12,-0.837077805025,-0.546098219774,-0.832072113158,-0.5546674666,0.499461258653
15.24,-0.896582631202,-0.442078593601,-0.892488846335,-0.451069461578,0.499646948746
15.36,-0.943176667489,-0.331693035679,-0.940069154931,-0.340983847049,0.499801248007
15.48,-0.976188959765,-0.216531098044,-0.974128704295,-0.225993954496,0.499915300793
15.6,-0.99514413102,-0.0982511125972,-0.994177625184,-0.107753652299,0.499982561315
15.72,-0.999769226788,0.0214436888713,-0.999927559415,0.0120364414003,0.499999169312
15.84,-0.989997645691,0.14082970122,-0.991295807248,0.131653418234,0.499964171609
15.96,-0.965970098495,0.258187765871,-0.968406516828,0.249376859724,0.499879576816
16.08,-0.928032581881,0.371827926694,-0.931588898599,0.363513581599,0.499750240051
16.2,-0.876731396089,0.480113765372,-0.881372490362,0.472421986398,0.499583584294
16.32,-0.812805278192,0.581485965829,-0.818479541072,0.574535674129,0.499389174356
16.44,-0.73717476429,0.674484768378,-0.74381462293,0.668385971364,0.49917816794
16.56,-0.650928933782,0.757770990262,-0.658451621166,0.752623054778,0.498962675258
16.68,-0.555309726627,0.830145309886,-0.563618288642,0.826035365289,0.498755064006
16.8,-0.451694059409,0.890565537049,-0.460678587411,0.887567033582,0.498567249542
16.92,-0.341573997735,0.938161620477,-0.351113071228,0.936333066389,0.498410011033
17.04,-0.226535270494,0.972248176571,-0.236497591141,0.971632075111,0.498292372812
17.16,-0.108234435358,0.992334358922,-0.11848063046,0.992956363697,0.498221086447
17.28,0.0116249756471,0.998130926505,0.00124040493806,0.999999230697,0.498200243252
17.4,0.131316987003,0.989554408746,0.120943599928,0.992659380471,0.498231039472
17.52,0.249118033746,0.966728307501,0.238907295982,0.971042380088,0.498311707631
17.64,0.363331780803,0.929981318628,0.353434853311,0.935459140992,0.498437617969
17.76,0.472313550217,0.879842598767,0.462879053176,0.886421447242,0.498601544161
17.88,0.574494004507,0.817034145483,0.565665789386,0.824634594665,0.49879407805
18,0.668401745133,0.742460400505,0.660316708244,0.750987246772,0.499004169607
18.12,0.752684500628,0.657195225759,0.7454704713,0.666538653357,0.499219761123
18.24,0.826128599315,0.562466439763,0.819902335118,0.572503415596,0.499428479233
18.36,0.887676446171,0.459638137033,0.882541766423,0.470234016761,0.499618345052
18.48,0.936441752203,0.350191045131,0.932487839295,0.361201369829,0.499778461679
18.6,0.971722297003,0.235701202179,0.969022192939,0.246973661737,0.4998996396
18.72,0.993010040726,0.117817261915,0.991619363673,0.129193798572,0.499974924094
18.84,0.999998439862,-0.00176324692041,0.999954342529,0.00955577610525,0.499999994384
18.96,0.992586861465,-0.121318365,0.993907249772,-0.110219684493,0.49997341162
19.08,0.970882032262,-0.239126498624,0.973565059095,-0.228409885316,0.499896701457
19.2,0.935196501795,-0.353491210667,0.939220346697,-0.34331492882,0.499774266495
19.32,0.886044141702,-0.462765649277,0.891367083246,-0.453282166984,0.499613133598
19.44,0.824132745969,-0.565376262537,0.830693529228,-0.5567299709,0.499422550609
19.56,0.750353838693,-0.659845457617,0.758072335885,-0.652170478913,0.49921345559
19.68,0.665769836141,-0.744812878107,0.67454799411,-0.738230996127,0.498997849054
19.8,0.571598747948,-0.819054993152,0.581321811814,-0.813673737507,0.498788105232
19.92,0.469196637784,-0.881502716296,0.47973463585,-0.877413630602,0.498596261873
20.04,0.360038096037,-0.931256800326,0.371247566965,-0.928533921848,0.498433329375
20.16,0.245695005706,-0.96760078643,0.257420945195,-0.966299361986,0.498308658864
20.28,0.127813907293,-0.99001132121,0.139891907914,-0.990166780952,0.498229405511
20.4,0.00809228861562,-0.998165692965,0.0203508433317,-0.999792900143,0.498200117873
20.52,-0.111745859018,-0.99194647874,-0.0994829219013,-0.995039269702,0.498222476847
20.64,-0.229974866282,-0.971443235222,-0.217885851299,-0.975974259806,0.49829519919
20.76,-0.344892235472,-0.936951209117,-0.333154987698,-0.94287207731,0.498414111177
20.88,-0.45484315647,-0.888967085601,-0.443632446431,-0.896208821913,0.498572388135
21,-0.558244336016,-0.828181836052,-0.547729260224,-0.836655638536,0.49876094613
21.12,-0.653606797123,-0.755470768063,-0.64394823289,-0.765069064436,0.498968963321
21.24,-0.739557320351,-0.671880921015,-0.730905473089,-0.682478709858,0.499184501054
21.36,-0.814858218166,-0.578615988704,-0.80735029846,-0.59007244943,0.499395189048
21.48,-0.87842515764,-0.477018986155,-0.872183223852,-0.48917933729,0.499588935364
21.6,-0.929342774843,-0.368552910206,-0.924471774914,-0.381250491655,0.499754620388
21.72,-0.966877856089,-0.25477967235,-0.963463899624,-0.267838223787,0.499882735019
21.84,-0.990489896208,-0.137337607213,-0.988598784846,-0.150573711521,0.499965926422
21.96,-0.99983888182,-0.017917880531,-0.999514922356,-0.0311435384732,0.499999420021
22.08,-0.994790187535,0.10175986363,-0.996055308313,0.0887345636262,0.499981293531
22.2,-0.975416514549,0.219972265755,-0.978269701407,0.207336420607,0.499912587278
22.32,-0.941996843754,0.335017067254,-0.946413907188,0.322956214185,0.499797244497
22.44,-0.895012418408,0.445237622983,-0.900946098891,0.433931016284,0.499641885012
22.56,-0.835139814238,0.549046756942,-0.842520227647,0.538664706478,0.499455425317
22.68,-0.763241196742,0.644949617601,-0.771976616889,0.635650928558,0.499248566824
22.8,-0.680351906014,0.731565203766,-0.690329876202,0.723494756044,0.499033181689
22.92,-0.587665547838,0.807646250997,-0.598754308473,0.800932755033,0.498821631433
23.04,-0.486516805774,0.872097192214,-0.498567020212,0.866851155826,0.498626057484
23.16,-0.378362221707,0.923989933863,-0.391208977963,0.920301871975,0.498457684347
23.28,-0.264759221647,0.962577220464,-0.278224283279,0.960516136353,0.498326175402
23.4,-0.147343688796,0.987303395091,-0.161237964324,0.986915558121,0.498239078293
23.52,-0.0278064068253,0.997812400828,-0.0419326035382,0.999120441569,0.498201391753
23.64,0.0921312874032,0.993952907993,0.0779758624912,0.996955247174,0.498215278713
23.76,0.210742291093,0.975780493283,0.196762822877,0.980451116341,0.498279942164
23.88,0.326318605791,0.94355683947,0.312719797043,0.949845423497,0.498391670898
24,0.437195932566,0.897745967169,0.424179007337,0.905578362007,0.49854405251
24.12,0.541777637912,0.83900755294,0.529537366221,0.848286612989,0.498728341416
24.24,0.638557745272,0.768187429949,0.627279533046,0.778794188102,0.498933960789
24.36,0.7261426211,0.686305407967,0.715999708784,0.698100578012,0.499149109591
24.48,0.803271043184,0.59454058811,0.794421855253,0.607366376989,0.499361439864
24.6,0.868832362246,0.494214383784,0.861418048029,0.507896590391,0.499558765413
24.72,0.921882495292,0.386771492332,0.916024699073,0.401121865133,0.499729761203
24.84,0.961657520406,0.27375909139,0.957456415762,0.288577913076,0.499864613336
24.96,0.987584677226,0.156804559532,0.985117296972,0.171883423305,0.49995558229
25.08,0.999290614693,0.0375920420171,0.998609503763,0.0527167809581,0.499997447119
25.2,0.99660676731,-0.0821618009031,0.997738981391,-0.0672080725255,0.499987805088
25.32,0.979571782477,-0.20073251389,0.982518250343,-0.186166290563,0.499927209579
25.44,0.948430963976,-0.316412678677,0.953166226259,-0.302446929426,0.499819138328
25.56,0.903632739594,-0.427536500892,0.910105071325,-0.41437755628,0.499669793831
25.68,0.845822203762,-0.532503797493,0.853954122432,-0.520348303332,0.499487747361
25.8,0.775831828196,-0.62980303941,0.785520983423,-0.61883502212,0.499283447046
25.92,0.694669474304,-0.71803311756,0.705789909541,-0.708421204927,0.499068618221
26.04,0.603503879981,-0.795923518818,0.615907651159,-0.787818358027,0.49885559048
26.16,0.503647829787,-0.862352621404,0.517166960377,-0.85588453374,0.498656590046
26.28,0.396539250844,-0.916363846242,0.410987997722,-0.911640754754,0.498483038079
26.4,0.283720506689,-0.957179431694,0.298897906364,-0.954285094493,0.498344895187
26.52,0.166816187238,-0.984211633329,0.182508847633,-0.983204211004,0.498250089753
26.64,0.0475097146904,-0.997071187445,0.0634948137344,-0.997982168492,0.498204062911
26.76,-0.0724808977488,-0.995572916461,-0.0564324488178,-0.998406419611,0.498209456265
26.88,-0.19142778526,-0.979738395481,-0.175548058792,-0.984470862471,0.498265960275
27,-0.307618112664,-0.949795641605,-0.292138808734,-0.956375928405,0.498370332026
27.12,-0.419378739246,-0.906175830491,-0.404527805566,-0.914525699214,0.498516581348
27.24,-0.525100311982,-0.849507087417,-0.511098588885,-0.859522095376,0.498696314608
27.36,-0.623260440226,-0.780605442285,-0.610318380069,-0.792156218779,0.498899216437
27.48,-0.71244561813,-0.700463078783,-0.70076012782,-0.713396974522,0.499113641766
27.6,-0.791371579134,-0.610234046947,-0.781123033055,-0.624377135416,0.499327284157
27.72,-0.858901789398,-0.511217644836,-0.850251257943,-0.52637704962,0.499527882111
27.84,-0.914063813894,-0.404839708638,-0.907150550008,-0.420806225739,0.499703922781
27.96,-0.956063319471,-0.292632080636,-0.951002542191,-0.30918306025,0.499845302728
28.08,-0.984295513247,-0.176210550673,-0.981176523205,-0.193112998813,0.499943907783
28.2,-0.998353851632,-0.0572515887803,-0.997238508879,-0.0742654455844,0.499994078744
28.32,-0.998035894554,0.0625317959909,-0.998957484038,0.0456502473698,0.499992936164
28.44,-0.983346220595,0.1814147229,-0.986308725128,0.16490936522,0.499940545621
28.56,-0.954496361058,0.297685277799,-0.959474155812,0.281796636476,0.499839913946
28.68,-0.911901753923,0.409669164698,-0.918839730409,0.394630903277,0.499696816656
28.8,-0.856175761531,0.515753815625,-0.86498988282,0.501789301021,0.499519466482
28.92,-0.788120838173,0.614411611607,-0.798699120771,0.601730599587,0.49931804202
29.04,-0.708716974745,0.704221880382,-0.72092088628,0.693017370435,0.499104103551
29.16,-0.619107586881,0.78389135408,-0.632773842562,0.774336660742,0.498889929567
29.28,-0.520583049766,0.852272792279,-0.535525784596,0.844518877251,0.498687812081
29.4,-0.414562116734,0.908381502269,-0.430575404777,0.90255460821,0.498509351148
29.52,-0.302571489221,0.951409518626,-0.319432175901,0.947609141471,0.498364789111
29.64,-0.186223832264,0.980737237915,-0.203694640831,0.979034469923,0.498262422768
29.76,-0.0671945521217,0.995942340978,-0.0850274210881,0.996378611605,0.498208127194
29.88,0.0528023295709,0.996805874331,0.03486272495,0.99939211044,0.498205018555
30,0.172038857718,0.983315403094,0.154251449888,0.988031624093,0.498253275263
30.12,0.288798026314,0.955665190052,0.271421618133,0.962460547353,0.49835012774
30.24,0.40139850333,0.914253398274,0.384688002992,0.923046662068,0.498490017365
30.36,0.508218841899,0.85967635756,0.492421524826,0.870356847441,0.498664915504
30.48,0.607720829145,0.792719977297,0.593072681664,0.805148926761,0.498864784291
30.6,0.69847163645,0.714348429361,0.685193835264,0.728360767832,0.499078152728
30.72,0.779164452191,0.625690264043,0.767460032104,0.64109679388,0.499292775038
30.84,0.848637299821,0.528022158922,0.838688059826,0.544612098933,0.49949633348
30.96,0.905889770333,0.422750534713,0.897853465063,0.440294396143,0.499677145297
31.08,0.950097428152,0.311391302804,0.944105287865,0.329644058684,0.499824833221
31.2,0.980623683006,0.195548036134,0.976778300832,0.214252540296,0.499930921054
31.32,0.997028956824,0.0768888777447,0.995402576897,0.0957794858348,0.499989320133
31.44,0.999077013664,-0.0428774804847,0.999710248157,-0.024071138947,0.499996678783
31.56,0.986738361508,-0.162026402995,0.989639358546,-0.143575555078,0.499952574669
31.68,0.960190676946,-0.278842145302,0.965334754935,-0.26101496301,0.499859539045
31.8,0.919816246635,-0.391642560717,0.927146003832,-0.374700263649,0.49972291147
31.92,0.866196462373,-0.498803323258,0.875622363668,-0.482996352206,0.499550533361
32.04,0.800103449053,-0.598781317943,0.811504884962,-0.584345635462,0.499352297953
32.16,0.722488946067,-0.69013686165,0.735715751987,-0.677290434215,0.499139582499
32.28,0.634470602257,-0.77155443455,0.649345019251,-0.760493948677,0.498924595301
32.4,0.537315881775,-0.841861623592,0.553634933535,-0.832759485308,0.498719675042
32.52,0.432423812595,-0.900046005254,0.449962066997,-0.893047668528,0.498536582637
32.64,0.321304840514,-0.945269724441,0.339817518307,-0.940491389781,0.498385826241
32.76,0.20555907873,-0.976881559595,0.224785466583,-0.974408278912,0.498276058163
32.88,0.0868532662113,-0.994426300292,0.106520386569,-0.994310518523,0.498213578282
33,-0.0331032333404,-0.997651302264,-0.0132767472231,-0.999911860107,0.498201972483
33.12,-0.152583046332,-0.986510125484,-0.132882925167,-0.991131741092,0.498241906855
33.24,-0.269865663456,-0.961163202896,-0.250577884103,-0.968096443542,0.498331089457
33.36,-0.383262215027,-0.921975530187,-0.364668849417,-0.931137277884,0.498464401866
33.48,-0.491139790701,-0.869511409844,-0.473514881752,-0.880785817755,0.498634192929
33.6,-0.59194495339,-0.804526325198,-0.575550478201,-0.817766254526,0.49883071789
33.72,-0.684226108749,-0.72795606147,-0.669308088504,-0.742984981452,0.499042697662
33.84,-0.766654408142,-0.640903230456,-0.753439222426,-0.657517557264,0.499257966167
33.96,-0.838042884059,-0.544621392924,-0.826733844726,-0.562593236703,0.499464168576
34.08,-0.897363542444,-0.440497007334,-0.888137778769,-0.459577290479,0.499649470389
34.2,-0.943762165819,-0.330029464838,-0.936767868453,-0.349951368957,0.499803236646
34.32,-0.976570614005,-0.214809498049,-0.971924680412,-0.235292191979,0.499916642295
34.44,-0.99531644535,-0.0964962744875,-0.993102563772,-0.117248871335,0.499983178687
34.56,-0.999729719882,0.0232064954264,-0.999996922791,0.00248080796762,0.499999027123
34.68,-0.989746886448,0.142575091806,-0.992508597777,0.122174806484,0.499963278019
34.8,-0.965511697849,0.259890606864,-0.970745291273,0.240111597954,0.49987798311
34.92,-0.927373140801,0.373463697183,-0.935020019003,0.354594929551,0.499748037696
35.04,-0.875880410525,0.481658910263,-0.885846607853,0.463978218622,0.499580899688
35.16,-0.811775002338,0.582918235034,-0.823932305633,0.566688235042,0.499386161578
35.28,-0.735980034117,0.675783537222,-0.75016760893,0.66124772855,0.499174999899
35.4,-0.649586953404,0.758917556473,-0.665613455334,0.746296675645,0.498959533778
35.52,-0.553839820563,0.831123162911,-0.571485964262,0.820611840429,0.498752129384
35.64,-0.450117394306,0.891360595803,-0.469138945844,0.883124368078,0.498564690204
35.76,-0.33991327757,0.938762436116,-0.360044429436,0.932935157893,0.498407973865
35.88,-0.224814409638,0.972646097348,-0.245771491826,0.969327794817,0.498290974734
36,-0.106478214207,0.992523654779,-0.127963689627,0.991778853443,0.498220407698
36.12,0.0133912675088,0.998108871581,-0.00831542044966,0.999965426294,0.498200322787
36.24,0.133067914972,0.989321320632,0.111452447161,0.993769768116,0.498231872726
36.36,0.250828384461,0.966287542666,0.229617324507,0.973280989379,0.498313246781
36.48,0.364976925212,0.929339224086,0.344479678263,0.938793774619,0.498439774681
36.6,0.473869798241,0.879008420678,0.454387474404,0.890804144077,0.498604194654
36.72,0.575938946175,0.816019896013,0.557759938962,0.830002319569,0.498797070205
36.84,0.669714573284,0.741280684846,0.653110293865,0.757262797216,0.499007331697
36.96,0.753846310538,0.655867031816,0.739067140867,0.673631769805,0.499222911668
37.08,0.82712266092,0.561008893529,0.814394185992,0.58031207968,0.499431437413
37.2,0.888488444985,0.458072227175,0.878008020817,0.478645918588,0.49962094109
37.32,0.937059995442,0.348539320749,0.92899370484,0.370095523301,0.499780546583
37.44,0.972137881965,0.233987448105,0.966617924821,0.256222144661,0.499901093711
37.56,0.993216982987,0.116066156208,0.990339541827,0.138663592531,0.499975663956
37.68,0.999993759455,-0.00352648833901,0.999817374286,0.0191106796254,0.499999977534
37.8,0.992370625786,-0.123068351453,0.994915105109,-0.100717096993,0.499972639026
37.92,0.970457355106,-0.240838030307,0.975703242301,-0.21909628697,0.499895217461
38.04,0.934569498512,-0.355139641524,0.942458104865,-0.334324274582,0.499772156266
38.16,0.88522384114,-0.464327241903,0.89565784858,-0.444743766991,0.499610518248
38.28,0.823130960455,-0.566828529999,0.835975588816,-0.54876663064,0.499419580241
38.4,0.74918499394,-0.661167487263,0.764269719299,-0.644896732945,0.499210300679
38.52,0.664450763512,-0.74598563271,0.681571566067,-0.731751460763,0.498994690671
38.64,0.57014844209,-0.820061585046,0.589070554189,-0.808081606143,0.498785124643
38.76,0.467635983101,-0.882328650557,0.488097100585,-0.872789333345,0.498593630143
38.88,0.358389565956,-0.931890183501,0.380103479003,-0.924943968708,0.498431197546
39,0.243982339061,-0.968032497802,0.26664293236,-0.963795386284,0.498307149287
39.12,0.126061766484,-0.990235144135,0.149347332869,-0.98878479669,0.498228604824
39.24,0.00632590446888,-0.998178404392,0.029903711269,-0.999552784025,0.498200072031
39.36,-0.11350105057,-0.991747895626,-0.0899700072855,-0.995944475254,0.498223188479
39.48,-0.231693590481,-0.971036217163,-0.208549711671,-0.978011767701,0.498296627456
39.6,-0.346549742689,-0.936341617172,-0.324129902218,-0.946012582627,0.498416174103
39.72,-0.456415578603,-0.888163697895,-0.435048220449,-0.900407155616,0.498574967325
39.84,-0.559709030184,-0.827196221368,-0.539709358333,-0.841851417133,0.498763893557
39.96,-0.654942671731,-0.754317119253,-0.636608003158,-0.771187558455,0.498972109826
40.08,-0.740745138805,-0.670575850621,-0.724350488045,-0.689431918661,0.499187666049
40.2,-0.81588087588,-0.57717828974,-0.801674836675,-0.597760366905,0.499398190887
40.32,-0.879267928342,-0.475469361486,-0.867468913949,-0.497491390208,0.499591601762
40.44,-0.929993522637,-0.366913674427,-0.920786421533,-0.390067130018,0.499756798314
40.56,-0.967327210205,-0.253074430457,-0.9608605082,-0.277032640282,0.499884299477
40.68,-0.990731385946,-0.135590914688,-0.987114799251,-0.160013665352,0.499966787622
40.8,-0.99986902973,-0.0161548897474,-0.999171686351,-0.0406932573499,0.499999528538
40.92,-0.994608559486,0.103513765606,-0.996857758569,0.0792124307158,0.499980643136
41.04,-0.975025725985,0.221691822734,-0.9802062965,0.197978827913,0.499911215299
41.16,-0.941402522029,0.336677517615,-0.949456793598,0.313897749421,0.499795229675
41.28,-0.894223121757,0.446815056242,-0.905051511608,0.425301964887,0.499639342985
41.4,-0.834166908531,0.550518458059,-0.847629119636,0.53058917775,0.499452501976
41.52,-0.762098691823,0.64629439408,-0.778015508343,0.628245070635,0.499245429949
41.64,-0.679056253952,0.732763690827,-0.697211911387,0.716865085368,0.499030011313
41.76,-0.586235406024,0.808681190425,-0.606380504948,0.795174624356,0.498818609512
41.88,-0.48497276825,0.872953680882,-0.506827692464,0.862047382776,0.498623357455
42,-0.376726522613,0.924655638334,-0.399985314988,0.916521547916,0.498455461171
42.12,-0.26305541505,0.963042554593,-0.287390057406,0.957813632657,0.498324556672
42.24,-0.14559630951,0.987561658067,-0.170661346715,0.985329744166,0.498238156914
42.36,-0.0260406171138,0.997859873665,-0.0514780602433,0.998674125685,0.498201220605
42.48,0.0938900601691,0.993788907081,0.0684456211815,0.997654848603,0.498215867618
42.6,0.212468720586,0.975407380236,0.187384867834,0.982286572904,0.498281257323
42.72,0.327987831426,0.942979987115,0.303629008847,0.952790336321,0.498393636832
42.84,0.438783917493,0.89697368218,0.415506136323,0.909590375212,0.498546556387
42.96,0.543261515149,0.838050956222,0.521407151937,0.853308022878,0.498731239533
43.08,0.639916146986,0.767060296493,0.619808910155,0.784752773102,0.498937086815
43.2,0.727355986307,0.685023968496,0.709296125226,0.704910637414,0.499152284115
43.32,0.804321899425,0.593123295352,0.788581726848,0.614929963558,0.499364480692
43.44,0.869705577192,0.492681646755,0.856525371757,0.516104919117,0.499561498024
43.56,0.922565494647,0.385145382444,0.912149844968,0.409856877854,0.499732028765
43.68,0.962140468979,0.272063024627,0.954655114798,0.297713976478,0.499866285708
43.8,0.987860620557,0.155062959255,0.983429839498,0.18128913587,0.49995656349
43.92,0.9993555792,0.0358299872694,0.998060160023,0.0622568628778,0.499997680833
44.04,0.996459817502,-0.0839189365327,0.998335652446,-0.0576708336572,0.499987277902
44.16,0.979215034432,-0.202459427649,0.984252354436,-0.176769066261,0.499925951751
44.28,0.947869554866,-0.318084503007,0.956012822241,-0.293324877415,0.499817222047
44.4,0.90287475371,-0.429129161521,0.91402321738,-0.405661876555,0.499667329078
44.52,0.844878556101,-0.53399436011,0.85888746493,-0.512164351147,0.499484875594
44.64,0.774716107284,-0.631170039913,0.791398567439,-0.611300505035,0.499280333084
44.76,0.693397746522,-0.719256871141,0.712527199381,-0.701644489854,0.499065440783
44.88,0.60209445821,-0.796986403425,0.623407746214,-0.781896912617,0.498852531926
45,0.5021210097,-0.8632393315,0.525321988818,-0.850903524534,0.498653825915
45.12,0.39491701865,-0.917061613201,0.41968066799,-0.907671822255,0.498480727013
45.24,0.282026222532,-0.957678207672,0.308003194146,-0.951385322777,0.498343169822
45.36,0.165074248809,-0.984504235952,0.191895794046,-0.981415306701,0.498249049114
45.48,0.0457452059032,-0.997153403235,0.0730284088809,-0.997329860927,0.498203766723
45.6,-0.0742425679675,-0.995443561511,-0.046889324047,-0.998900090745,0.498209921526
45.72,-0.193161248859,-0.979399332501,-0.166132660567,-0.986103411967,0.498267160283
45.84,-0.309298407768,-0.949251753104,-0.28298655617,-0.959123875746,0.498372197909
45.96,-0.420981669604,-0.905434948461,-0.395770333026,-0.918349521422,0.498519006019
46.08,-0.526602795399,-0.848579880561,-0.502861852715,-0.864366795454,0.498699158907
46.2,-0.624640840939,-0.779505262381,-0.602720847008,-0.797952116723,0.498902317124
46.32,-0.71368405837,-0.699205768422,-0.693911071122,-0.720060709506,0.499116820883
46.44,-0.79245022536,-0.608837711399,-0.775120960842,-0.63181286475,0.499330359247
46.56,-0.859805109106,-0.509702391331,-0.845182496388,-0.534477827229,0.499530676686
46.68,-0.91477879928,-0.403227356827,-0.903088001731,-0.429455540341,0.499706276453
46.8,-0.956579674744,-0.290945848386,-0.948004637721,-0.318256511102,0.499847080413
46.92,-0.984605802892,-0.174474719728,-0.979286380587,-0.202480084938,0.499945007457
47.04,-0.998453607479,-0.0554911551056,-0.996483313521,-0.0837914427263,0.499994437291
47.16,-0.997923680118,0.0642914821502,-0.999348097709,0.0361023490388,0.499992533008
47.28,-0.983023651763,0.183148322063,-0.987839529738,0.155476890527,0.4999394039
47.4,-0.953968082823,0.299367826138,-0.962123134214,0.272615250143,0.499838099185
47.52,-0.91117537349,0.411276433517,-0.922568783067,0.385832658688,0.49969443301
47.64,-0.855261738779,0.517262660253,-0.869745375782,0.493500740937,0.499516650755
47.76,-0.787032335029,0.615800304681,-0.804412657075,0.594070936116,0.499314955813
47.88,-0.707469665655,0.705470424723,-0.727510289685,0.686096770436,0.49910092399
48,-0.617719433096,0.784981770648,-0.640144339469,0.768254661324,0.498886839136
