time,exact_position,float64_exact_position,low_precision_exact_position,float64_biased_position
0,1,1,1,1
0.12,0.992808635854,0.9928,0.9928,0.992944
0.24,0.971337974852,0.97130368,0.9713,0.971875574272
0.36,0.935896823678,0.935820587008,0.9358,0.93709204044
0.48,0.886994922779,0.886861677563,0.8868,0.889084263733
0.6,0.82533561491,0.825131959961,0.8251,0.828529729896
0.72,0.751805729141,0.751520342136,0.7515,0.756282984512
0.84,0.667462825841,0.667086831384,0.6671,0.673363573649
0.96,0.573519986072,0.57304727026,0.5731,0.580941656036
1.08,0.471328364174,0.470755828444,0.4708,0.480321489772
1.2,0.362357754477,0.361685502699,0.3617,0.372923026645
1.32,0.248175451652,0.247406905715,0.2474,0.260261873765
1.44,0.130423708738,0.129565649288,0.1296,0.143927905323
1.56,0.0107961170583,0.0098586475122,0.0099,0.0255628262815
1.68,-0.10898675224,-0.109990318788,-0.1099,-0.0931629953648
1.8,-0.227202094693,-0.228255424498,-0.2282,-0.21057410082
1.92,-0.342149651151,-0.343233652095,-0.3432,-0.325013584565
2.04,-0.452176162141,-0.453269315102,-0.4532,-0.434866476605
2.16,-0.555699146251,-0.556777899971,-0.5567,-0.538582532927
2.28,-0.651229660528,-0.652268883081,-0.6522,-0.634698112544
2.4,-0.737393715541,-0.738367194275,-0.7383,-0.721856832397
2.52,-0.8129520371,-0.813833017871,-0.8138,-0.798828708631
2.64,-0.876817890394,-0.877579646009,-0.8776,-0.864527514128
2.76,-0.928072710209,-0.928689127245,-0.9287,-0.918026107347
2.88,-0.965979312398,-0.966425485049,-0.9664,-0.958569516138
3,-0.9899924966,-0.990245315868,-0.9902,-0.985585591918
3.12,-0.999766887713,-0.999805614138,-0.9998,-0.998693083825
3.24,-0.995161903324,-0.994968711565,-0.995,-0.997707018933
3.36,-0.976243775672,-0.975804259546,-0.9758,-0.982641312589
3.48,-0.943284599048,-0.942588226189,-0.9426,-0.953708572043
3.6,-0.896758416334,-0.895798922374,-0.8958,-0.911317096127
3.72,-0.837334400974,-0.836110114078,-0.8361,-0.856065113351
3.84,-0.765867232435,-0.764381320139,-0.7644,-0.788732339696
3.96,-0.683384803583,-0.68164543519,-0.6817,-0.710268975263
4.08,-0.591073436783,-0.589093855974,-0.5892,-0.62178229505
4.2,-0.490260821341,-0.488059325232,-0.4882,-0.52452102309
4.32,-0.382396917713,-0.379996740207,-0.3801,-0.419857710453
4.44,-0.269033103117,-0.266462202123,-0.2666,-0.309269365805
4.56,-0.151799858498,-0.149090608328,-0.1492,-0.194316611867
4.68,-0.0323833177597,-0.0295721097732,-0.0297,-0.0766216619023
4.8,0.0874989834394,0.0903722271622,0.0902,0.0421545729551
4.92,0.206122810534,0.209015204026,0.2088,0.160335922479
5.04,0.32178202925,0.324648361953,0.3244,0.276254611465
5.16,0.432813144469,0.435606583467,0.4354,0.388274795374
5.28,0.537619225831,0.540292070179,0.5401,0.49481564537
5.4,0.634692875943,0.637197351081,0.637,0.594373656979
5.52,0.722637910871,0.724926990127,0.7248,0.685543867541
5.64,0.800189441073,0.802217680515,0.8021,0.767039683044
5.76,0.866232063962,0.867956436304,0.8679,0.83771103454
5.88,0.919815906437,0.92119661941,0.9212,0.896560607916
6,0.96017028665,0.961171571197,0.9612,0.942757917994
6.12,0.986714798517,0.987305652358,0.9874,0.975651028333
6.24,0.999067659534,0.999222532126,0.9994,0.99477575136
6.36,0.997051201859,0.99675060743,0.997,0.999862198984
6.48,0.980694427654,0.979925473988,0.9802,0.990838591255
6.6,0.950232591959,0.94898941372,0.9493,0.967832269327
6.72,0.906103819078,0.904387905895,0.9047,0.931167898415
6.84,0.848942801164,0.846763212225,0.8471,0.881362886119
6.96,0.779571669604,0.776945128299,0.7773,0.819120080775
7.08,0.698988170536,0.695939034525,0.6963,0.745317852851
7.2,0.608351314532,0.604911418654,0.6053,0.660997699388
7.32,0.508964706865,0.505173078355,0.5056,0.56734954639
7.44,0.402257798109,0.398160245727,0.3986,0.465694956595
7.56,0.289765324738,0.285413905561,0.2858,0.357468479571
7.68,0.173105235434,0.168557605155,0.1689,0.244197407364
7.8,0.0539554205626,0.0492740752342,0.0496,0.127480221344
7.92,-0.0659704204627,-0.0707190013698,-0.0704,0.00896403444104
8.04,-0.184947426855,-0.189693724354,-0.1894,-0.109678652916
8.16,-0.301264384659,-0.305936857707,-0.3057,-0.226773555124
8.28,-0.413248338674,-0.41777450031,-0.4176,-0.340668228921
8.4,-0.519288654117,-0.523596190108,-0.5235,-0.449755392672
8.52,-0.617860181942,-0.621878094768,-0.6218,-0.552495608322
8.64,-0.707545194648,-0.711204954864,-0.7112,-0.647439005947
8.76,-0.787053777064,-0.79029046361,-0.7903,-0.73324574432
8.88,-0.855242378854,-0.85799578968,-0.8581,-0.808704918749
9,-0.911130261885,-0.913345976378,-0.9135,-0.872751649365
9.12,-0.95391360592,-0.955543981017,-0.9558,-0.924482108705
9.24,-0.982977069747,-0.983982152329,-0.9843,-0.963166276527
9.36,-0.997902641462,-0.998250980647,-0.9986,-0.988258241855
9.48,-0.998475650623,-0.998144994844,-0.9985,-0.999403906873
9.6,-0.984687855794,-0.983665721115,-0.9841,-0.996445983958
9.72,-0.956737563083,-0.955021661003,-0.9555,-0.979426215317
9.84,-0.915026773955,-0.912625288972,-0.9131,-0.948584783926
9.96,-0.860155403357,-0.857087112779,-0.8576,-0.904356924063
10.08,-0.792912651304,-0.789206882163,-0.7897,-0.847366779289
10.2,-0.714265652027,-0.709962072443,-0.7105,-0.778418594525
10.32,-0.625345563949,-0.62049380888,-0.621,-0.698485366555
10.44,-0.527431300536,-0.52209043447,-0.5226,-0.608695113092
10.56,-0.421931136034,-0.416168957803,-0.4167,-0.510314954194
10.68,-0.310362450644,-0.304254648144,-0.3048,-0.404733230662
10.8,-0.194329906455,-0.187959071551,-0.1885,-0.293439911778
10.92,-0.0755023680226,-0.068956884328,-0.0694,-0.17800556886
11.04,0.0444111004548,0.0510382820293,0.0507,-0.060059211354
11.16,0.163685816141,0.170298497125,0.17,0.0587347017427
11.28,0.280606283209,0.287106413863,0.2869,0.176699750728
11.4,0.393490866348,0.399779998241,0.3997,0.292171212832
11.52,0.500715977271,0.506696750644,0.5067,0.40351955478
11.64,0.600739426341,0.606317069838,0.6064,0.509173428771
11.76,0.692122603468,0.697206423226,0.6974,0.607641847335
11.88,0.773551169244,0.77805600412,0.7783,0.697535224149
12,0.843853958732,0.847701578554,0.848,0.777584983881
12.12,0.902019826014,0.905140250257,0.9055,0.846661464319
12.24,0.947212187224,0.949544902357,0.95,0.903789858174
12.36,0.978781052911,0.980276107862,0.9808,0.948163969549
12.48,0.996272376655,0.996891337415,0.9975,0.979157590987
12.6,0.999434585501,0.999151331708,0.9998,0.9963333405
12.72,0.988222198258,0.987023546826,0.9877,0.999448833913
12.84,0.962796479645,0.960682622868,0.9614,0.988460105381
12.96,0.923523120864,0.920507869142,0.9213,0.963522227842
13.08,0.870966979964,0.867077802099,0.8679,0.924987124624
13.2,0.80588395764,0.801161814707,0.802,0.873398603103
13.32,0.729210125319,0.723709097183,0.7245,0.809484680495
13.44,0.642048261896,0.635834968659,0.6366,0.734147310075
13.56,0.545651992773,0.538804816587,0.5395,0.648449652817
13.68,0.441407759295,0.434015875156,0.4347,0.553601074057
13.8,0.330814877949,0.322977105122,0.3236,0.450940076941
13.92,0.215463976099,0.207287464775,0.2078,0.341915413458
14.04,0.0970141144232,0.088612884935,0.089,0.228065639661
14.16,-0.0228310749005,-0.031337720448,-0.031,0.110997403557
14.28,-0.142347891077,-0.150837062657,-0.1506,-0.00763722790556
14.4,-0.259817356214,-0.268164351163,-0.268,-0.126164082808
14.52,-0.37354993891,-0.381630073012,-0.3816,-0.242910510174
14.64,-0.481909854332,-0.489600321811,-0.4897,-0.356228984421
14.76,-0.583338591257,-0.590520325975,-0.5907,-0.464520355239
14.88,-0.676377327722,-0.682936837445,-0.6832,-0.566256414805
15,-0.759687912859,-0.765519058456,-0.7659,-0.660001463844
15.12,-0.832072113158,-0.837077805025,-0.8376,-0.744432572226
15.24,-0.892488846335,-0.896582631202,-0.8972,-0.818358248149
15.36,-0.940069154931,-0.943176667489,-0.9439,-0.880735252473
15.48,-0.974128704295,-0.976188959765,-0.977,-0.930683320915
15.6,-0.994177625184,-0.99514413102,-0.996,-0.967497586332
15.72,-0.999927559415,-0.999769226788,-1.0007,-0.990658525811
15.84,-0.991295807248,-0.989997645691,-0.991,-0.999839292173
15.96,-0.968406516828,-0.965970098495,-0.967,-0.994910326444
16.08,-0.931588898599,-0.928032581881,-0.9291,-0.975941186189
16.2,-0.881372490362,-0.876731396089,-0.8778,-0.943199563914
16.32,-0.818479541072,-0.812805278192,-0.8138,-0.897147509393
16.44,-0.74381462293,-0.73717476429,-0.7381,-0.838434909219
16.56,-0.658451621166,-0.650928933782,-0.6518,-0.767890315607
16.68,-0.563618288642,-0.555309726627,-0.5561,-0.686509253861
16.8,-0.460678587411,-0.451694059409,-0.4524,-0.595440173524
16.92,-0.351113071228,-0.341573997735,-0.3422,-0.495968241459
17.04,-0.236497591141,-0.226535270494,-0.227,-0.38949720557
17.16,-0.11848063046,-0.108234435358,-0.1086,-0.277529585116
17.28,0.00124040493806,0.0116249756471,0.0114,-0.161645467157
17.4,0.120943599928,0.131316987003,0.1312,-0.043480208365
17.52,0.238907295982,0.249118033746,0.2491,0.0752986431271
17.64,0.353434853311,0.363331780803,0.3634,0.193014880167
17.76,0.462879053176,0.472313550217,0.4725,0.308007291219
17.88,0.565665789386,0.574494004507,0.5748,0.418653103376
18,0.660316708244,0.668401745133,0.6688,0.523390882939
18.12,0.7454704713,0.752684500628,0.7532,0.620742570362
18.24,0.819902335118,0.826128599315,0.8267,0.709334338632
18.36,0.882541766423,0.887676446171,0.8883,0.787915980715
18.48,0.932487839295,0.936441752203,0.9372,0.855378552478
18.6,0.969022192939,0.971722297003,0.9726,0.910770022109
18.72,0.991619363673,0.993010040726,0.994,0.953308705187
18.84,0.999954342529,0.999998439862,1.001,0.982394295818
18.96,0.993907249772,0.992586861465,0.9936,0.997616338147
19.08,0.973565059095,0.970882032262,0.9719,0.998760018711
19.2,0.939220346697,0.935196501795,0.9362,0.985809197892
19.32,0.891367083246,0.886044141702,0.887,0.958946637672
19.44,0.830693529228,0.824132745969,0.8251,0.918551422501
19.56,0.758072335885,0.750353838693,0.7513,0.865193609655
19.68,0.67454799411,0.665769836141,0.6667,0.799626184591
19.8,0.581321811814,0.571598747948,0.5725,0.722774434809
19.92,0.47973463585,0.469196637784,0.47,0.635722892203
20.04,0.371247566965,0.360038096037,0.3608,0.539700028142
20.16,0.257420945195,0.245695005706,0.2464,0.436060917285
20.28,0.139891907914,0.127813907293,0.1284,0.326268114762
20.4,0.0203508433317,0.00809228861562,0.0086,0.211871016605
20.52,-0.0994829219013,-0.111745859018,-0.1114,0.0944839946603
20.64,-0.217885851299,-0.229974866282,-0.2297,-0.0242363854166
20.76,-0.333154987698,-0.344892235472,-0.3447,-0.142614741623
20.88,-0.443632446431,-0.45484315647,-0.4548,-0.258980518595
21,-0.547729260224,-0.558244336016,-0.5583,-0.371691562488
21.12,-0.64394823289,-0.653606797123,-0.6538,-0.479157295052
21.24,-0.730905473089,-0.739557320351,-0.7399,-0.579861159868
21.36,-0.80735029846,-0.814858218166,-0.8153,-0.672382023996
21.48,-0.872183223852,-0.87842515764,-0.879,-0.755414233002
21.6,-0.924471774914,-0.929342774843,-0.93,-0.827786036351
21.72,-0.963463899624,-0.966877856089,-0.9676,-0.888476123155
21.84,-0.988598784846,-0.990489896208,-0.9913,-0.93662803491
21.96,-0.999514922356,-0.99983888182,-1.0007,-0.971562251835
22.08,-0.996055308313,-0.994790187535,-0.9957,-0.992785782263
22.2,-0.978269701407,-0.975416514549,-0.9764,-0.999999119732
22.32,-0.946413907188,-0.941996843754,-0.943,-0.993100469622
22.44,-0.900946098891,-0.895012418408,-0.896,-0.972187185686
22.56,-0.842520227647,-0.835139814238,-0.8361,-0.937554396185
22.68,-0.771976616889,-0.763241196742,-0.7642,-0.889690839045
22.8,-0.690329876202,-0.680351906014,-0.6813,-0.829271964785
22.92,-0.598754308473,-0.587665547838,-0.5886,-0.757150404557
23.04,-0.498567020212,-0.486516805774,-0.4874,-0.674343937821
23.16,-0.391208977963,-0.378362221707,-0.3792,-0.582021129434
23.28,-0.278224283279,-0.264759221647,-0.2655,-0.481484838868
23.4,-0.161237964324,-0.147343688796,-0.148,-0.374153834256
23.52,-0.0419326035382,-0.0278064068253,-0.0284,-0.261542770735
23.64,0.0779758624912,0.0921312874032,0.0916,-0.145240815634
23.76,0.196762822877,0.210742291093,0.2103,-0.0268892221421
23.88,0.312719797043,0.326318605791,0.326,0.0918418320524
24,0.424179007337,0.437195932566,0.437,0.209276814313
24.12,0.529537366221,0.541777637912,0.5417,0.32375848217
24.24,0.627279533046,0.638557745272,0.6386,0.433671270327
24.36,0.715999708784,0.7261426211,0.7263,0.537464089516
24.48,0.794421855253,0.803271043184,0.8036,0.633672215475
24.6,0.861418048029,0.868832362246,0.8693,0.720937959129
24.72,0.916024699073,0.921882495292,0.9225,0.798029826303
24.84,0.957456415762,0.961657520406,0.9624,0.863859896569
24.96,0.985117296972,0.987584677226,0.9884,0.917499175974
25.08,0.998609503763,0.999290614693,1.0002,0.958190707008
25.2,0.997738981391,0.99660676731,0.9976,0.985360250785
25.32,0.982518250343,0.979571782477,0.9806,0.998624390703
25.44,0.953166226259,0.948430963976,0.9495,0.997795943219
25.56,0.910105071325,0.903632739594,0.9047,0.982886599384
25.68,0.853954122432,0.845822203762,0.8469,0.954106759859
25.8,0.785520983423,0.775831828196,0.7769,0.911862565738
25.92,0.705789909541,0.694669474304,0.6957,0.85675016709
26.04,0.615907651159,0.603503879981,0.6045,0.789547310084
26.16,0.517166960377,0.503647829787,0.5046,0.711202361439
26.28,0.410987997722,0.396539250844,0.3974,0.622820925068
26.4,0.298897906364,0.283720506689,0.2845,0.525650239803
26.52,0.182508847633,0.166816187238,0.1675,0.421061578354
26.64,0.0634948137344,0.0475097146904,0.0481,0.310530895911
26.76,-0.0564324488178,-0.0724808977488,-0.072,0.195618001465
26.88,-0.175548058792,-0.19142778526,-0.191,0.0779445457822
27,-0.292138808734,-0.307618112664,-0.3073,-0.0408288633306
27.12,-0.404527805566,-0.419378739246,-0.4192,-0.159026095524
27.24,-0.511098588885,-0.525100311982,-0.525,-0.274979151457
27.36,-0.610318380069,-0.623260440226,-0.6233,-0.387051701605
27.48,-0.70076012782,-0.71244561813,-0.7126,-0.49366217814
27.6,-0.781123033055,-0.791371579134,-0.7916,-0.593306094018
27.72,-0.850251257943,-0.858901789398,-0.8592,-0.684577274296
27.84,-0.907150550008,-0.914063813894,-0.9145,-0.766187700079
27.96,-0.951002542191,-0.956063319471,-0.9566,-0.836985685039
28.08,-0.981176523205,-0.984295513247,-0.9849,-0.895972128012
28.2,-0.997238508879,-0.998353851632,-0.999,-0.942314612314
28.32,-0.998957484038,-0.998035894554,-0.9987,-0.975359152807
28.44,-0.986308725128,-0.983346220595,-0.9841,-0.994639424936
28.56,-0.959474155812,-0.954496361058,-0.9553,-0.9998833455
28.68,-0.918839730409,-0.911901753923,-0.9127,-0.991016912292
28.8,-0.86498988282,-0.856175761531,-0.857,-0.968165248418
28.92,-0.798699120771,-0.788120838173,-0.7889,-0.931650836559
29.04,-0.72092088628,-0.708716974745,-0.7095,-0.881988968094
29.16,-0.632773842562,-0.619107586881,-0.6199,-0.819880471311
29.28,-0.535525784596,-0.520583049766,-0.5213,-0.746201821317
29.4,-0.430575404777,-0.414562116734,-0.4152,-0.66199277122
29.52,-0.319432175901,-0.302571489221,-0.3031,-0.568441679136
29.64,-0.203694640831,-0.186223832264,-0.1867,-0.466868738077
29.76,-0.0850274210881,-0.0671945521217,-0.0676,-0.358707345385
29.88,0.03486272495,0.0528023295709,0.0525,-0.245483874635
30,0.154251449888,0.172038857718,0.1718,-0.128796135447
30.12,0.271421618133,0.288798026314,0.2887,-0.010290825195
30.24,0.384688002992,0.40139850333,0.4014,0.108359709182
30.36,0.492421524826,0.508218841899,0.5083,0.225481071343
30.48,0.593072681664,0.607720829145,0.6079,0.339420444626
30.6,0.685193835264,0.69847163645,0.6988,0.448569916593
30.72,0.767460032104,0.779164452191,0.7796,0.551389169898
30.84,0.838688059826,0.848637299821,0.8492,0.646427219237
30.96,0.897853465063,0.905889770333,0.9065,0.732342887659
31.08,0.944105287865,0.950097428152,0.9508,0.807923733249
31.2,0.976778300832,0.980623683006,0.9814,0.872103159116
31.32,0.995402576897,0.997028956824,0.9979,0.923975465202
31.44,0.999710248157,0.999077013664,1,0.962808629523
31.56,0.989639358546,0.986738361508,0.9877,0.988054638463
31.68,0.965334754935,0.960190676946,0.9612,0.999357220346
31.8,0.927146003832,0.919816246635,0.9208,0.996556873136
31.92,0.875622363668,0.866196462373,0.8672,0.979693115331
32.04,0.811504884962,0.800103449053,0.8011,0.949003928283
32.16,0.735715751987,0.722488946067,0.7235,0.9049223978
32.28,0.649345019251,0.634470602257,0.6354,0.848070602438
32.4,0.553634933535,0.537315881775,0.5382,0.779250834735
32.52,0.449962066997,0.432423812595,0.4332,0.699434279252
32.64,0.339817518307,0.321304840514,0.322,0.60974730722
32.76,0.224785466583,0.20555907873,0.2062,0.511455581189
32.88,0.106520386569,0.0868532662113,0.0874,0.405946193996
33,-0.0132767472231,-0.0331032333404,-0.0327,0.294708094113
33.12,-0.132882925167,-0.152583046332,-0.1523,0.179311073606
33.24,-0.250577884103,-0.269865663456,-0.2697,0.0613836152288
33.36,-0.364668849417,-0.383262215027,-0.3832,-0.0574100887268
33.48,-0.473514881752,-0.491139790701,-0.4912,-0.17539362151
33.6,-0.575550478201,-0.59194495339,-0.5921,-0.290901999507
33.72,-0.669308088504,-0.684226108749,-0.6845,-0.402305168487
33.84,-0.753439222426,-0.766654408142,-0.767,-0.508031006929
33.96,-0.826733844726,-0.838042884059,-0.8385,-0.606587511801
34.08,-0.888137778769,-0.897363542444,-0.8979,-0.696583853707
34.2,-0.936767868453,-0.943762165819,-0.9444,-0.776750004269
34.32,-0.971924680412,-0.976570614005,-0.9773,-0.845954658771
34.44,-0.993102563772,-0.99531644535,-0.9961,-0.903221201128
34.56,-0.999996922791,-0.999729719882,-1.0006,-0.947741485895
34.68,-0.992508597777,-0.989746886448,-0.9907,-0.978887242814
34.8,-0.970745291273,-0.965511697849,-0.9665,-0.996218942961
34.92,-0.935020019003,-0.927373140801,-0.9284,-0.999492001386
35.04,-0.885846607853,-0.875880410525,-0.8769,-0.988660228686
35.16,-0.823932305633,-0.811775002338,-0.8128,-0.96387648284
35.28,-0.75016760893,-0.735980034117,-0.737,-0.925490512068
35.4,-0.665613455334,-0.649586953404,-0.6506,-0.874044019189
35.52,-0.571485964262,-0.553839820563,-0.5548,-0.810263017112
35.64,-0.469138945844,-0.450117394306,-0.451,-0.735047583337
35.76,-0.360044429436,-0.33991327757,-0.3407,-0.649459158067
35.88,-0.245771491826,-0.224814409638,-0.2255,-0.554705565157
36,-0.127963689627,-0.106478214207,-0.1071,-0.452123967312
36.12,-0.00831542044966,0.0133912675088,0.0129,-0.343161996041
36.24,0.111452447161,0.133067914972,0.1327,-0.229357322681
36.36,0.229617324507,0.250828384461,0.2506,-0.112315958783
36.48,0.344479678263,0.364976925212,0.3649,0.00631040792447
36.6,0.454387474404,0.473869798241,0.4739,0.124847722156
36.72,0.557759938962,0.575938946175,0.5761,0.241623185332
36.84,0.653110293865,0.669714573284,0.67,0.354988862116
36.96,0.739067140867,0.753846310538,0.7543,0.463344936079
37.08,0.814394185992,0.82712266092,0.8277,0.565162286304
37.2,0.878008020817,0.888488444985,0.8892,0.659004066344
37.32,0.92899370484,0.937059995442,0.9379,0.743545981
37.44,0.966617924821,0.972137881965,0.9731,0.817594974772
37.56,0.990339541827,0.993216982987,0.9943,0.88010606826
37.68,0.999817374286,0.999993759455,1.0011,0.930197104913
37.8,0.994915105109,0.992370625786,0.9935,0.967161200021
37.92,0.975703242301,0.970457355106,0.9716,0.990476716275
38.04,0.942458104865,0.934569498512,0.9357,0.999814625109
38.16,0.89565784858,0.88522384114,0.8864,0.995043149953
38.28,0.835975588816,0.823130960455,0.8243,0.976229625865
38.4,0.764269719299,0.74918499394,0.7503,0.943639549296
38.52,0.681571566067,0.664450763512,0.6655,0.897732831408
38.64,0.589070554189,0.57014844209,0.5712,0.839157307803
38.76,0.488097100585,0.467635983101,0.4686,0.768739596271
38.88,0.380103479003,0.358389565956,0.3593,0.687473431556
39,0.26664293236,0.243982339061,0.2448,0.596505641775
39.12,0.149347332869,0.126061766484,0.1268,0.497119964377
39.24,0.029903711269,0.00632590446888,0.007,0.390718930042
39.36,-0.0899700072855,-0.11350105057,-0.1129,0.278804070166
39.48,-0.208549711671,-0.231693590481,-0.2312,0.162954727251
39.6,-0.324129902218,-0.346549742689,-0.3462,0.0448057672263
39.72,-0.435048220449,-0.456415578603,-0.4562,-0.0739754917859
39.84,-0.539709358333,-0.559709030184,-0.5596,-0.191712808658
39.96,-0.636608003158,-0.654942671731,-0.655,-0.306744674374
40.08,-0.724350488045,-0.740745138805,-0.741,-0.417447759246
40.2,-0.801674836675,-0.81588087588,-0.8163,-0.522259821339
40.32,-0.867468913949,-0.879267928342,-0.8798,-0.619701752833
40.44,-0.920786421533,-0.929993522637,-0.9307,-0.708398453192
40.56,-0.9608605082,-0.967327210205,-0.9682,-0.787098234579
40.68,-0.987114799251,-0.990731385946,-0.9917,-0.854690485679
40.8,-0.999171686351,-0.99986902973,-1.0009,-0.910221344646
40.92,-0.996857758569,-0.994608559486,-0.9957,-0.952907159997
41.04,-0.9802062965,-0.975025725985,-0.9762,-0.982145549506
41.16,-0.949456793598,-0.941402522029,-0.9426,-0.997523901021
41.28,-0.905051511608,-0.894223121757,-0.8955,-0.998825195244
41.4,-0.847629119636,-0.834166908531,-0.8355,-0.986031068312
41.52,-0.778015508343,-0.762098691823,-0.7634,-0.959322070944
41.64,-0.697211911387,-0.679056253952,-0.6803,-0.919075120511
41.76,-0.606380504948,-0.586235406024,-0.5874,-0.865858181977
41.88,-0.506827692464,-0.48497276825,-0.4861,-0.800422252779
42,-0.399985314988,-0.376726522613,-0.3778,-0.72369076475
42.12,-0.287390057406,-0.26305541505,-0.264,-0.636746552649
42.24,-0.170661346715,-0.14559630951,-0.1464,-0.540816573197
42.36,-0.0514780602433,-0.0260406171138,-0.0267,-0.437254590263
42.48,0.0684456211815,0.0938900601691,0.0933,-0.327522070552
42.6,0.187384867834,0.212468720586,0.212,-0.213167559382
42.72,0.303629008847,0.327987831426,0.3277,-0.0958048276132
42.84,0.415506136323,0.438783917493,0.4386,0.0229099018827
42.96,0.521407151937,0.543261515149,0.5432,0.141301326843
43.08,0.619808910155,0.639916146986,0.64,0.257698707479
43.2,0.709296125226,0.727355986307,0.7276,0.370459443955
43.32,0.788581726848,0.804321899425,0.8047,0.477992256758
43.44,0.856525371757,0.869705577192,0.8702,0.578779642834
43.56,0.912149844968,0.922565494647,0.9232,0.67139929059
43.68,0.954655114798,0.962140468979,0.9629,0.754544151557
43.8,0.983429839498,0.987860620557,0.9887,0.827040885458
43.92,0.998060160023,0.9993555792,1.0003,0.887866418383
44.04,0.998335652446,0.996459817502,0.9975,0.936162380411
44.16,0.984252354436,0.979215034432,0.9803,0.971247218927
44.28,0.956012822241,0.947869554866,0.949,0.99262581669
44.4,0.91402321738,0.90287475371,0.904,0.999996478928
44.52,0.85888746493,0.844878556101,0.846,0.993255190855
44.64,0.791398567439,0.774716107284,0.7758,0.972497085528
44.76,0.712527199381,0.693397746522,0.6944,0.938015101331
44.88,0.623407746214,0.60209445821,0.603,0.890295848024
45,0.525321988818,0.5021210097,0.503,0.830012739709
45.12,0.41968066799,0.39491701865,0.3957,0.758016491612
45.24,0.308003194146,0.282026222532,0.2827,0.675323114785
45.36,0.191895794046,0.165074248809,0.1657,0.583099578162
45.48,0.0730284088809,0.0457452059032,0.0463,0.482647340292
45.6,-0.046889324047,-0.0742425679675,-0.0738,0.375383983156
45.72,-0.166132660567,-0.193161248859,-0.1928,0.262823207249
45.84,-0.28298655617,-0.309298407768,-0.3091,0.146553470242
45.96,-0.395770333026,-0.420981669604,-0.4209,0.0282155706632
46.08,-0.502861852715,-0.526602795399,-0.5266,-0.0905205070491
46.2,-0.602720847008,-0.624640840939,-0.6248,-0.207979159366
46.32,-0.693911071122,-0.71368405837,-0.714,-0.322502809786
46.44,-0.775120960842,-0.79245022536,-0.7929,-0.432475300554
46.56,-0.845182496388,-0.859805109106,-0.8604,-0.536344699881
46.68,-0.903088001731,-0.91477879928,-0.9155,-0.632645202803
46.8,-0.948004637721,-0.956579674744,-0.9574,-0.720017816623
46.92,-0.979286380587,-0.984605802892,-0.9855,-0.797229539015
47.04,-0.996483313521,-0.998453607479,-0.9994,-0.863190758152
47.16,-0.999348097709,-0.997923680118,-0.9989,-0.916970629311
47.28,-0.987839529738,-0.983023651763,-0.984,-0.957810210948
47.4,-0.962123134214,-0.953968082823,-0.955,-0.985133174889
47.52,-0.922568783067,-0.91117537349,-0.9122,-0.998553939465
47.64,-0.869745375782,-0.855261738779,-0.8563,-0.997883110848
47.76,-0.804412657075,-0.787032335029,-0.788,-0.983130155771
47.88,-0.727510289685,-0.707469665655,-0.7084,-0.954503267935
48,-0.640144339469,-0.617719433096,-0.6186,-0.912406429982
48.12,-0.543571367151,-0.5190740407,-0.5199,-0.857433712489
48.24,-0.439180355551,-0.412953982118,-0.4137,-0.790360890446
48.36,-0.328472732227,-0.300887386193,-0.3015,-0.712134495517
48.48,-0.213040774843,-0.184488011907,-0.185,-0.623858458587
48.6,-0.0945447098797,-0.06543201025,-0.0658,-0.526778531089
48.72,0.0253111659574,0.0545662123548,0.0543,-0.422264704961
48.84,0.144802998172,0.173778681502,0.1736,-0.311791879316
48.96,0.262212168208,0.290488737635,0.2904,-0.19691904667
49.08,0.375850011873,0.403015755946,0.403,-0.0792672924378
49.2,0.484082106939,0.509739347372,0.5098,0.0395030818254
49.32,0.58535178059,0.609122692196,0.6093,0.157715988598
49.44,0.678202498625,0.699734670251,0.7,0.273703207339
49.56,0.761298814396,0.780270469056,0.7806,0.385827926419
49.68,0.833445576169,0.849570373106,0.85,0.4925078418
49.8,0.893605116675,0.906636463783,0.9072,0.592237486519
49.92,0.940912177586,0.950646989382,0.9513,0.683609475827
50.04,0.9746863543,0.980968198333,0.9817,0.765334368213
50.16,0.994441882011,0.997163465229,0.998,0.836258861994
50.28,0.99989462233,0.998999578225,0.9999,0.895382070715
50.4,0.990966149975,0.986450097295,0.9874,0.941869647654
50.52,0.967784880738,0.959695734964,0.9607,0.975065560126
50.64,0.930684224516,0.919121754049,0.9201,0.994501347412
50.76,0.880197789967,0.865312419876,0.8663,0.999902731685
50.88,0.817051709762,0.799042586857,0.8,0.991193488607
51,0.742154196814,0.721266540587,0.7222,0.968496523019
51.12,0.656582481702,0.633104256133,0.634,0.932132134497
51.24,0.561567319155,0.53582527039,0.5367,0.882613497294
51.36,0.458475286438,0.430830400754,0.4317,0.820639418416
51.48,0.348789128248,0.319631573347,0.3204,0.747084476067
51.6,0.234086430795,0.203830051283,0.2045,0.66298667759
51.72,0.116016931811,0.0850933764815,0.0857,0.56953281112
51.84,-0.00372120718019,-0.0348686429417,-0.0344,0.468041697619
51.96,-0.12340582506,-0.154328553906,-0.154,0.359945579681
52.08,-0.241315530488,-0.271566133695,-0.2713,0.246769909723
52.2,-0.355754460209,-0.384893161158,-0.3847,0.130111822799
52.32,-0.465076670189,-0.492677727101,-0.4926,0.0116175978316
52.44,-0.567709808788,-0.593367733773,-0.5934,-0.107040574677
52.56,-0.662177731457,-0.685513245079,-0.6857,-0.224188190595
52.68,-0.747121731734,-0.767787365656,-0.7681,-0.338172062767
52.8,-0.821320083142,-0.839005348168,-0.8394,-0.44738365079
52.92,-0.883705610953,-0.898141653666,-0.8986,-0.550281760733
53.04,-0.933381041072,-0.944344719351,-0.9449,-0.645414294468
53.16,-0.969631905283,-0.976949221077,-0.9776,-0.73143874168
53.28,-0.991936817258,-0.99548565402,-0.9962,-0.80714112537
53.4,-0.999974971506,-0.999687093545,-1.0005,-0.871453133498
53.52,-0.993630757441,-0.989493038923,-0.9904,-0.923467195006
53.64,-0.972995422168,-0.965050284541,-0.966,-0.962449287458
53.76,-0.938365758109,-0.926710806061,-0.9277,-0.987849295566
53.88,-0.890239834312,-0.875026691973,-0.876,-0.999308774414
54,-0.829309832863,-0.810742193522,-0.8117,-0.996666007838
54.12,-0.756452093418,-0.734783007484,-0.7357,-0.97995829056
54.24,-0.672714509047,-0.648242946137,-0.6491,-0.949421401885
54.36,-0.579301454675,-0.552368186367,-0.5532,-0.905486278386
54.48,-0.47755646488,-0.448539324713,-0.4493,-0.848772932527
54.6,-0.368942910207,-0.338251496783,-0.339,-0.780081703045
54.72,-0.255022949901,-0.223092847299,-0.2238,-0.700381960569
54.84,-0.137435063798,-0.104721660814,-0.1053,-0.610798427865
54.96,-0.0178704865152,0.0151575175862,0.0147,-0.512595307747
55.08,0.10195111712,0.134818427733,0.1345,-0.407158442647
55.2,0.220306385538,0.252537952521,0.2523,-0.295975757603
55.32,0.335493047073,0.366620930793,0.3665,-0.180616262669
55.44,0.445854403267,0.475424567661,0.4754,-0.0627079110355
55.56,0.549803156721,0.577382090755,0.5775,0.0560853746384
55.68,0.645844240758,0.671025311742,0.6712,0.174087183505
55.8,0.732596322561,0.75500576824,0.7553,0.289632274039
55.92,0.808811670508,0.828114141675,0.8285,0.401090073921
56.04,0.87339409996,0.88929767147,0.8898,0.50688769068
56.16,0.925414739379,0.937675314796,0.9383,0.605532108348
56.28,0.964125390044,0.972550433589,0.9732,0.695631256903
56.4,0.988969287184,0.993420826138,0.9941,0.775913657161
56.52,0.999589107778,0.999985958791,1.0007,0.845246363888
56.64,0.99583210983,0.992151293637,0.9929,0.902650953929
56.76,0.977752329222,0.970029649855,0.9708,0.947317333708
56.88,0.945609802526,0.933939579115,0.9347,0.978615171273
57,0.899866826969,0.884400778436,0.8852,0.996102791542
57.12,0.841181311341,0.822126606547,0.8229,0.999533409216
57.24,0.770397313467,0.748013811524,0.7488,0.988858611419
57.36,0.688532900357,0.663129617615,0.6639,0.964229040898
57.48,0.596765505621,0.568696357212,0.5694,0.925992270152
57.6,0.496414994763,0.466073869266,0.4667,0.87468789649
57.72,0.388924681915,0.356739917602,0.3573,0.811039927232
57.84,0.275840571041,0.242268911124,0.2428,0.735946562521
57.96,0.158789120181,0.124309232327,0.1248,0.65046751992
58.08,0.0394538485507,0.00455950058357,0.005,0.555809079678
58.2,-0.0804488770637,-0.115255887968,-0.1149,0.453307061703
58.32,-0.199194528338,-0.233411591733,-0.2331,0.344407974473
58.44,-0.315075218834,-0.348206168577,-0.348,0.230648601908
58.56,-0.426424268065,-0.457986576593,-0.4579,0.113634316273
58.68,-0.531640172912,-0.561171977906,-0.5612,-0.00498357683366
58.8,-0.629209641603,-0.656276502738,-0.6564,-0.123531141704
58.92,-0.717729358979,-0.74193064593,-0.7421,-0.240335435103
59.04,-0.795926169998,-0.816900987821,-0.8172,-0.353748114841
59.16,-0.862675391174,-0.880107955487,-0.8805,-0.462168701183
59.28,-0.917016986593,-0.930641368594,-0.9311,-0.564067162813
59.4,-0.958169375855,-0.967773545993,-0.9683,-0.658005508642
59.52,-0.985540675326,-0.99096978433,-0.9915,-0.742658080734
59.64,-0.998737211043,-0.999896057773,-1.0005,-0.816830261989
59.76,-0.997569180818,-0.994423827984,-0.9951,-0.879475334588
59.88,-0.982053384113,-0.974631895072,-0.9753,-0.929709251265
60,-0.952412980415,-0.94080526287,-0.9415,-0.966823110988
