time,replica_index,volume_factor,number_density,pressure,kinetic_temperature,potential_energy_per_atom,total_energy_per_atom
16,0,0.985703564058,1.01450378842,-0.31757910959,0.671281696751,-6.85083825203,-5.8439157069
16.16,0,0.994301139632,1.00573152352,-0.643985807113,0.696705541561,-6.84277095178,-5.79771263944
16.32,0,0.987483078001,1.01267558126,-0.439548651928,0.787488544243,-6.84813724066,-5.66690442429
16.48,0,0.971661625067,1.02916485966,0.407395337211,0.512601945879,-6.86010284797,-6.09119992915
16.64,0,0.975650595658,1.02495709473,0.153328164592,0.721437477098,-6.85808801857,-5.77593180293
16.8,0,0.969453203218,1.03150930512,0.691575672454,0.825227858879,-6.86095161922,-5.62310983091
16.96,0,0.968899131181,1.03209918124,0.699507624711,0.568281730878,-6.86095524902,-6.0085326527
17.12,0,0.963580348293,1.03779617525,0.663585298771,0.723177918173,-6.86093033771,-5.77616346045
17.28,0,0.974003446555,1.02669041217,0.621688282483,0.775064215018,-6.86087360888,-5.69827728635
17.44,0,0.969584147773,1.03136999743,0.788843893351,0.710346324181,-6.86092384722,-5.79540436095
17.6,0,0.963754259599,1.03760890293,0.838715922418,0.605564681925,-6.86084942864,-5.95250240576
17.76,0,0.980376237598,1.02001656267,0.0385350269285,0.721984140168,-6.85675976608,-5.77378355583
17.92,0,0.985797999606,1.01440660298,-0.413382948374,0.859956874432,-6.84874726323,-5.55881195158
18.08,0,0.980181621866,1.02021908766,0.235115745442,0.548416926399,-6.85887260627,-6.03624721667
18.24,0,0.976432807847,1.02413601014,0.280819485699,0.801649383146,-6.85925401248,-5.65677993776
18.4,0,0.960391114796,1.04124245278,1.04707764693,0.670663958743,-6.86011277339,-5.85411683528
18.56,0,0.963264215574,1.03813676853,0.758834944706,0.666863581818,-6.86094910298,-5.86065373025
18.72,0,0.957304970132,1.04459919378,1.26984494375,0.736434301479,-6.85860031487,-5.75394886265
18.88,0,0.9551502745,1.04695567462,1.45394321997,0.723152067213,-6.85681751439,-5.77208941357
19.04,0,0.940520631539,1.06324089708,2.49812010536,0.643787373567,-6.83868353453,-5.87300247418
19.2,0,0.946662029331,1.05634320277,2.23719453654,0.637662594126,-6.84438973579,-5.8878958446
19.36,0,0.945927557981,1.05716340703,2.03022922755,0.764118682635,-6.84838628768,-5.70220826372
19.52,0,0.95343928594,1.04883448243,1.53494685935,0.596983610326,-6.85588713546,-5.96041171997
19.68,0,0.9618486285,1.0396646316,1.27720944863,0.825741416436,-6.85853805615,-5.61992593149
19.84,0,0.967455939885,1.03363880335,0.808641106486,0.633558354972,-6.86089913063,-5.91056159817
20,0,0.960624296394,1.04098970196,1.26439186822,0.545201074728,-6.85864591944,-6.04084430735
20.16,0,0.952076817071,1.05033541629,1.67752557504,0.724439013775,-6.85404079518,-5.76738227451
20.32,0,0.952030884392,1.05038609187,1.71299507052,0.456038608886,-6.85354107857,-6.16948316524
20.48,0,0.964047640571,1.03729313565,1.20436369711,0.967714351897,-6.85911990259,-5.40754837474
20.64,0,0.974089243337,1.02659998233,0.62623950366,0.757474716595,-6.860881225,-5.72466915011
20.8,0,0.970896650312,1.02997574425,0.552815144415,0.785864458926,-6.86071459673,-5.68191790834
20.96,0,0.972266733813,1.02852433928,0.551704304102,0.807112287167,-6.86071135405,-5.6500429233
21.12,0,0.974189224892,1.02649462183,0.376522636543,0.636364866651,-6.85992348421,-5.90537618424
21.28,0,0.960506430993,1.0411174436,1.20150934924,0.819467155546,-6.85914115194,-5.62994041862
21.44,0,0.943731775757,1.05962311081,2.04670117903,0.760631262041,-6.84808601746,-5.7071391244
21.6,0,0.950471489711,1.05210941183,1.6457814924,0.525099345788,-6.85447451132,-6.06682549264
21.76,0,0.945507341881,1.05763324694,2.1791179853,0.696352628629,-6.84555974173,-5.80103079879
21.92,0,0.960597882768,1.04101832613,1.15315025859,0.56856365851,-6.8594831941,-6.00663770634
22.08,0,0.976819985038,1.02373007854,0.316012208657,0.585759447398,-6.85952034245,-5.98088117136
22.24,0,0.967714738694,1.03336237428,0.98502211514,0.67809556622,-6.86040261117,-5.84325926184
22.4,0,0.958829523887,1.04293826492,1.28827603036,0.737992127277,-6.85844305879,-5.75145486787
22.56,0,0.959336366427,1.04238725331,1.1634827437,0.825593200686,-6.8594129748,-5.62102317377
22.72,0,0.948965872892,1.05377867483,1.57589049013,0.795545590269,-6.85538387921,-5.6620654938
22.88,0,0.957384563639,1.04451234956,1.48429469459,0.764935035896,-6.85647915146,-5.70907659761
23.04,0,0.96776476918,1.0333089526,0.912007178156,0.753778474237,-6.8606676762,-5.72999996485
23.2,0,0.978385967385,1.02209151944,0.393739029052,0.727249501528,-6.86002568262,-5.76915143033
23.36,0,0.980692687576,1.01968742366,0.0282914687995,0.746383907636,-6.85662804326,-5.73705218181
23.52,0,0.977453590073,1.02306647615,0.199851357885,0.61789142055,-6.85855051948,-5.93171338865
23.68,0,0.977295037715,1.02323245428,0.193176027575,0.749715121374,-6.85848679776,-5.7339141157
23.84,0,0.972249794021,1.02854225956,0.298594704474,0.790017284291,-6.85939148532,-5.67436555888
24,0,0.964269970516,1.03705396888,0.604304768345,0.654641706181,-6.8608412373,-5.87887867803
24.16,0,0.969972088659,1.03095750042,0.60289974841,0.760082265634,-6.86083839313,-5.72071499468
24.32,0,0.971743425175,1.02907822589,0.430634784137,0.772387437389,-6.86022627818,-5.7016451221
24.48,0,0.983731945152,1.01653708099,-0.195627958297,0.679713974709,-6.85318572985,-5.83361476779
24.64,0,0.979487933489,1.02094162246,0.0324600520792,0.745252012647,-6.85668191203,-5.73880389306
24.8,0,0.979108434565,1.02133733578,0.413355630082,0.640372848339,-6.86013544956,-5.89957617705
24.96,0,0.981961443114,1.0183699238,0.199537350575,0.492210854504,-6.85854754173,-6.12023125997
25.12,0,0.986621753656,1.01355965069,-0.346219583206,0.725983986299,-6.85023634401,-5.76126036456
25.28,0,0.977286768305,1.02324111247,0.013096503518,0.584304316852,-6.85642860207,-5.97997212679
25.44,0,0.982147994044,1.01817649281,-0.116747873959,0.671910726381,-6.85452346442,-5.84665737485
25.6,0,0.989827153324,1.01027739706,-0.366954595749,0.809410317208,-6.84978830662,-5.63567283081
25.76,0,0.996725972395,1.00328478207,-0.646331861922,0.680196079476,-6.84270300269,-5.82240888347
25.92,0,0.98542470195,1.01479087953,-0.547611525414,0.627094830511,-6.84543559348,-5.90479334772
26.08,0,0.978418590509,1.02205744014,0.155139936229,0.863529764935,-6.85810683732,-5.56281218992
26.24,0,0.977941620449,1.02255592674,0.178543119426,0.707871858238,-6.85834402876,-5.7965362414
26.4,0,0.981879198707,1.01845522475,0.0416056756426,0.681749988368,-6.85679882512,-5.83417384257
26.56,0,0.976361096196,1.02421123076,0.11513778333,0.636193456586,-6.85767596347,-5.90338577859
26.72,0,0.983370020675,1.01691121244,-0.275555976452,0.904808343056,-6.85168622638,-5.4944737118
26.88,0,0.976166827887,1.02441506045,0.242093566533,0.862384192742,-6.85893345588,-5.56535716676
27.04,0,0.980766197219,1.01961099683,-0.104868600044,0.835552726434,-6.85471294735,-5.6013838577
27.2,0,0.980537906814,1.01984838429,0.177324478482,0.760941105746,-6.8583319472,-5.71692028858
27.36,0,0.977297883624,1.02322947461,0.390129014027,0.727164049686,-6.8600047084,-5.76925863387
27.52,0,0.984287450237,1.01596337509,0.00902050981477,0.648702425006,-6.85637427731,-5.8833206398
27.68,0,0.996228563333,1.00378571425,-0.476026179939,0.685091627531,-6.84725836018,-5.81962091889
27.84,0,0.984243168622,1.01600908381,-0.174040492857,0.897149388627,-6.85356569063,-5.50784160769
28,0,0.976134589726,1.02444889314,0.282923626804,0.511538910907,-6.85927060163,-6.09196223527
28.16,0,0.977638998393,1.02287245256,0.423012547204,0.681635099331,-6.86018688586,-5.83773423686
28.32,0,0.977574925686,1.02293949418,-0.039479729688,0.698936893259,-6.85570085709,-5.8072955172
28.48,0,0.985018080671,1.01520979119,-0.288193343841,0.800355539891,-6.85143558814,-5.6509022783
28.64,0,0.970184057812,1.03073225328,0.648535659394,0.795952731672,-6.86091340814,-5.66698431063
28.8,0,0.97166722787,1.02915892532,0.691932676726,0.681351337902,-6.86095180532,-5.83892479846
28.96,0,0.977388416788,1.0231346953,0.350220092772,0.689451663395,-6.8597566945,-5.82557919941
29.12,0,0.968618915644,1.03239776123,0.633765479844,0.844256885228,-6.86089303933,-5.59450771149
29.28,0,0.970866900791,1.030007305,0.631447036798,0.493856561613,-6.8608895033,-6.12010466088
29.44,0,0.980238932648,1.02015943939,0.0733399408019,0.772166340099,-6.85719102157,-5.69894151142
29.6,0,0.983337657584,1.01694468048,0.0663469874114,0.648991469342,-6.85710638778,-5.88361918376
29.76,0,0.980908507272,1.01946307182,0.106709257738,0.702104411426,-6.85758104757,-5.80442443043
29.92,0,0.986095859669,1.01410019137,-0.420957829411,0.696008480529,-6.84857240468,-5.80455968388
30.08,0,0.987976272589,1.01217005686,-0.244300425905,0.7109210875,-6.85229013096,-5.78590849971
30.24,0,0.973054563891,1.0276915983,0.336966588779,0.792287001182,-6.85966774091,-5.67123723914
30.4,0,0.980584429745,1.01979999852,0.157599791205,0.756374380998,-6.85813228243,-5.72357071093
30.56,0,0.974875041146,1.02577249165,0.220389977313,0.595688462166,-6.85874107331,-5.96520838006
30.72,0,0.973602716806,1.02711299254,0.365555118879,0.759483695348,-6.85985550737,-5.72062996435
30.88,0,0.986867377614,1.01330738322,-0.167288204385,0.799017150512,-6.85368238046,-5.65515665469
31.04,0,0.980935784941,1.01943472279,-0.337063002145,0.757742316809,-6.85043090883,-5.71381743362
31.2,0,0.993311161451,1.00673388039,-0.443597880004,0.875997441452,-6.84804132079,-5.53404515861
31.36,0,0.990835257687,1.0092495117,-0.682723470153,0.856744833224,-6.84162987673,-5.55651262689
31.52,0,0.987896642676,1.01225164334,-0.52397969135,0.761879549979,-6.84605184349,-5.70323251853
31.68,0,0.987295648066,1.01286782937,-0.312585380489,0.582921588703,-6.85094120093,-5.97655881787
31.84,0,0.972310694347,1.02847783719,0.515441708053,0.773987756986,-6.86059354595,-5.69961191047
32,0,0.970374671163,1.03052978372,0.42702665493,0.648066367768,-6.86020776357,-5.88810821192
32.16,0,0.971794679494,1.02902395033,0.39810685944,0.699333465829,-6.86005073757,-5.81105053883
32.32,0,0.963370734693,1.03802198259,0.990126375408,0.616977435121,-6.86038099285,-5.93491484017
32.48,0,0.947686608891,1.05520115048,1.92548691502,0.616656456309,-6.85022169258,-5.92523700811
32.64,0,0.964452235136,1.03685798381,0.865773087879,0.559216013863,-6.86079228462,-6.02196826383
32.8,0,0.951336435307,1.05115284445,1.51874407663,0.711781884182,-6.85608020866,-5.78840738239
32.96,0,0.940132004743,1.06368041398,3.09023064391,0.597981780805,-6.82319474681,-5.9262220756
33.12,0,0.942200503245,1.06134521957,2.58240261795,0.906695375508,-6.83668821794,-5.47664515468
33.28,0,0.942824226271,1.06064308928,2.53232763596,0.767609437951,-6.83788244771,-5.68646829078
33.44,0,0.950438356783,1.05214608908,2.09275137682,0.704906924705,-6.84723002311,-5.78986963605
33.6,0,0.952024581331,1.05039304616,1.85210758524,0.691934905675,-6.85143010673,-5.81352774822
33.76,0,0.958956969084,1.04279965863,1.67731915897,0.744801374849,-6.85404365678,-5.73684159451
33.92,0,0.950108666204,1.05251118695,1.71296617432,0.626577740252,-6.85354149213,-5.91367488175
34.08,0,0.955927126596,1.04610484647,1.62949688272,0.822464477929,-6.85469201539,-5.62099529849
34.24,0,0.959846221544,1.0418335537,1.80259456117,0.685274427521,-6.85220873896,-5.82429709768
34.4,0,0.956741231727,1.04521470053,1.5412728142,0.707798139502,-6.85581081594,-5.79411360669
34.56,0,0.952954744681,1.04936777489,1.79206412814,0.739055868659,-6.85237047535,-5.74378667236
34.72,0,0.962573955707,1.03888121434,1.28688570081,0.626794955642,-6.85845508854,-5.91826265508
34.88,0,0.956075493783,1.0459425082,1.4569875469,0.854245288363,-6.85678413361,-5.57541620106
35.04,0,0.954134007314,1.04807080801,1.57410617439,0.510558354409,-6.85540626772,-6.0895687361
35.2,0,0.947174356626,1.05577182596,2.13270416843,0.575745647689,-6.84646780237,-5.98284933084
35.36,0,0.948641468523,1.05413903269,2.15453024139,0.726050114006,-6.84604379423,-5.75696862322
35.52,0,0.9443478974,1.05893178007,2.21384652588,0.658752546083,-6.84486458519,-5.85673576606
35.68,0,0.949215811439,1.05350120378,1.77974213981,0.651500652497,-6.85255799683,-5.87530701809
35.84,0,0.94077517613,1.06295321706,2.84594973463,0.795969694566,-6.82999212404,-5.63603758219
36,0,0.940916489152,1.06279357576,2.552424989,0.85617840295,-6.83740621273,-5.55313860831
36.16,0,0.940781133106,1.0629464865,2.47142075204,0.857869559368,-6.83930041419,-5.55249607513
36.32,0,0.9484841162,1.05431391303,1.98194366378,0.612276539184,-6.84924836591,-5.93083355713
36.48,0,0.962247956965,1.03923317557,1.14548457366,0.671855471087,-6.85953427953,-5.85175107289
36.64,0,0.962531600516,1.03892692922,1.07876321618,0.6259606777,-6.85994227704,-5.92100126049
36.8,0,0.956483243728,1.04549662167,1.75832168244,0.650024030411,-6.85287952168,-5.87784347606
36.96,0,0.948416086527,1.05438953873,2.30647288848,0.870382895901,-6.84294565744,-5.53737131359
37.12,0,0.954251475649,1.04794179052,1.50227025077,0.641337595282,-6.85627295189,-5.89426655897
37.28,0,0.9611951315,1.04037147841,1.27118731923,0.724082539578,-6.85858902381,-5.77246521444
37.44,0,0.964695210705,1.03659683276,1.01039269688,0.803460913698,-6.86029121404,-5.65509984349
37.6,0,0.973405504675,1.02732108581,0.587098220864,0.923485171832,-6.86080405198,-5.47557629423
37.76,0,0.978848467865,1.02160858685,0.23753682394,0.882286648995,-6.85889382654,-5.53546385304
37.92,0,0.979465730324,1.02096476583,0.0670874353714,0.836605041897,-6.85711539699,-5.60220783414
38.08,0,0.984773263791,1.01546217466,-0.0132698777134,0.688790760685,-6.85607098541,-5.82288484438
38.24,0,0.980084443516,1.02032024548,0.26018651726,0.89251159541,-6.85908682873,-5.52031943562
38.4,0,0.980824247163,1.01955065129,-0.07538073843,0.673101627236,-6.85516994242,-5.84551750156
38.56,0,0.975853485716,1.02474399552,0.227459472156,0.706044824687,-6.85880474809,-5.79973751106
38.72,0,0.968895725895,1.03210280867,0.469341034948,0.684810678993,-6.86040998732,-5.83319396884
38.88,0,0.958841215141,1.04292554826,1.3942426875,0.710690119886,-6.85744678053,-5.7914116007
39.04,0,0.963914053372,1.03743689233,0.883886588707,0.709422694532,-6.86074750049,-5.79661345869
39.2,0,0.975110812759,1.02552447057,0.188997610896,0.889100457679,-6.85844646297,-5.52479577645
39.36,0,0.973165340382,1.02757461503,0.17699848525,0.529212304334,-6.85832871031,-6.06451025381
39.52,0,0.98525508915,1.01496557695,-0.162244041984,0.787233644255,-6.85376888324,-5.67291841685
39.68,0,0.988423011671,1.01171258479,-0.285806347887,0.882817574181,-6.85148321634,-5.52725685507
39.84,0,0.975963856804,1.02462810793,0.294145025269,0.802053679734,-6.85935763886,-5.65627711926
40,0,0.970127328449,1.03079252658,0.515994939548,0.777544843674,-6.86059551818,-5.69427825267
40.16,0,0.961884642221,1.03962570573,1.04733876271,0.798807516413,-6.86011143015,-5.66190015553
40.32,0,0.948548686639,1.05424214285,2.00357578223,0.709358617276,-6.84886550645,-5.78482758053
40.48,0,0.946648560621,1.05635823219,1.85995080283,0.81355298679,-6.8513040334,-5.63097455321
40.64,0,0.943321141599,1.06008437201,2.34160203793,0.62922765321,-6.84219354977,-5.89835206996
40.8,0,0.934988950433,1.069531356,2.76070806482,0.862618016584,-6.83223211994,-5.53830509506
40.96,0,0.938310672439,1.06574509848,2.51454709794,0.739743874824,-6.83830033962,-5.72868452739
41.12,0,0.93661470464,1.06767488813,3.11178179619,0.642439015747,-6.82256885255,-5.85891032893
41.28,0,0.936832766229,1.06742637112,2.98775656833,0.722977194514,-6.82611329562,-5.74164750385
41.44,0,0.943262919686,1.06014980461,2.50211253809,0.648276040938,-6.83859065794,-5.86617659654
41.6,0,0.950384199583,1.05220604513,1.94674501412,0.861064752151,-6.84985961242,-5.55826248419
41.76,0,0.969845270907,1.03109230926,0.697628237757,0.601093983556,-6.86095448449,-5.95931350916
41.92,0,0.978102498423,1.02238773708,0.000137675674289,0.598969746673,-6.85625467346,-5.95780005345
42.08,0,0.970944529911,1.02992495369,0.152645774312,0.755277776774,-6.85808091358,-5.72516424842
42.24,0,0.965202308756,1.03605222545,1.1924409194,0.721315982807,-6.85920788082,-5.77723390661
42.4,0,0.961138357202,1.040432933,0.860931972008,0.597237591216,-6.86080336912,-5.9649469823
42.56,0,0.959357799258,1.04236396553,1.03387985151,0.690679446732,-6.86017932239,-5.82416015229
42.72,0,0.970841646031,1.03003409885,0.684130366341,0.510324713427,-6.86094724945,-6.09546017931
42.88,0,0.973928936905,1.0267689583,0.273738565179,0.563522892071,-6.85919756152,-6.01391322341
43.04,0,0.979849912967,1.02056446275,-0.0786671934273,0.707296887026,-6.85511994843,-5.7941746179
43.2,0,0.981482059071,1.01886732494,-0.220306755372,0.770587950186,-6.85273840366,-5.69685647838
43.36,0,0.969558066629,1.03139774132,0.646057694439,0.674968540321,-6.86091025096,-5.84845744048
43.52,0,0.967934239854,1.0331280358,0.935560864918,0.668525011763,-6.86059124181,-5.85780372416
43.68,0,0.972806287277,1.02795388258,0.543950868533,0.847104731041,-6.8606881165,-5.59003101994
43.84,0,0.975833022571,1.02476548433,0.61922932559,0.796705874656,-6.86086934588,-5.66581053389
44,0,0.975219873204,1.02540978448,0.185584174908,0.63755582243,-6.85841325609,-5.90207952245
44.16,0,0.979134890645,1.0213097394,0.197148770869,0.764580269895,-6.858524827,-5.71165442216
44.32,0,0.973357956847,1.0273712697,0.606505633179,0.756074517098,-6.86084562393,-5.72673384828
44.48,0,0.962601049559,1.03885197347,1.08785593916,0.721456882726,-6.85989056884,-5.77770524475
44.64,0,0.960999518875,1.0405832473,1.07463691605,0.677329029168,-6.85996533429,-5.84397179054
44.8,0,0.952943861414,1.04937975939,1.61079026872,0.708456160996,-6.85493766695,-5.79225342546
44.96,0,0.947549807408,1.05535349401,1.93296629468,0.694021871722,-6.85009490998,-5.8090621024
45.12,0,0.942629296318,1.06086242376,1.92676634606,0.669053747185,-6.85020005208,-5.8466194313
45.28,0,0.933520962065,1.07121322459,3.11959948023,0.65898967225,-6.82234078012,-5.83385627174
45.44,0,0.934577909515,1.0700017514,3.1127867249,0.63003778487,-6.82253956549,-5.87748288818
45.6,0,0.938485408703,1.06554666778,2.67289220227,0.757611600916,-6.83446607877,-5.69804867739
45.76,0,0.947589972291,1.05530876143,2.28966970005,0.556234419692,-6.84330070642,-6.00894907688
45.92,0,0.949466912087,1.05322258972,1.92100373419,0.737213330442,-6.85029736836,-5.74447737269
46.08,0,0.963907045822,1.03744443443,0.942321621963,0.662791739879,-6.86056769961,-5.86638008979
46.24,0,0.961549001766,1.03998859981,1.35950885959,0.586024817882,-6.85779049463,-5.97875326781
46.4,0,0.957371459912,1.044526646,1.44951083378,0.73157463631,-6.85686589203,-5.75950393757
46.56,0,0.967227558144,1.03388286612,0.847968927628,0.547473183239,-6.86083120587,-6.03962143101
46.72,0,0.981417813375,1.01893402216,0.13001240949,0.485177872906,-6.85783995351,-6.13007314415
46.88,0,0.967973305846,1.03308634025,0.827728361701,0.695109418188,-6.86086927954,-5.81820515226
47.04,0,0.977294272954,1.02323325499,0.282627942221,0.732235150501,-6.85926827557,-5.76091554982
47.2,0,0.968240714893,1.03280102212,0.636562838003,0.719165055354,-6.86089718326,-5.78214960023
47.36,0,0.960261389331,1.0413831183,0.896642999908,0.63034419584,-6.86071283728,-5.91519654352
47.52,0,0.956749587481,1.04520557216,1.45059710787,0.775817305447,-6.85685406029,-5.69312810212
47.68,0,0.948463306863,1.05433704474,1.92502518956,0.951131438782,-6.8502294975,-5.42353233933
47.84,0,0.939294472226,1.06462885662,2.99220596454,0.734820814955,-6.82598856491,-5.72375734247
48,0,0.944658172434,1.05858397162,2.73796378444,0.823468637986,-6.83281794987,-5.59761499289
48.16,0,0.949657805301,1.05301087867,1.96184523819,0.642412402046,-6.84959917241,-5.88598056934
48.32,0,0.961523221198,1.04001648421,1.31086783607,0.65817636719,-6.85824377305,-5.87097922226
48.48,0,0.953469458544,1.048801292,1.82319182878,0.707104580718,-6.85188845941,-5.79123158834
48.64,0,0.955098986835,1.04701189488,1.53167988802,0.812114937853,-6.85592634358,-5.6377539368
48.8,0,0.950708619551,1.05184699017,1.4707324921,0.989328507488,-6.85663187102,-5.37263910978
48.96,0,0.957172475342,1.04474379045,1.58544155759,0.602371618668,-6.8552633338,-5.9517059058
49.12,0,0.960691657727,1.04091671033,1.36849876075,0.790024134362,-6.8577031262,-5.67266692465
49.28,0,0.954247387044,1.04794628057,1.21858251968,0.712029499042,-6.85901229932,-5.79096805075
49.44,0,0.960279635965,1.04136333058,1.33583893814,0.658614084337,-6.85801518247,-5.87009405597
49.6,0,0.969777598113,1.0311642607,0.911712376296,0.606132108226,-6.86066857772,-5.95147041538
49.76,0,0.973351312539,1.02737828276,0.394376384254,0.534347202362,-6.86002936062,-6.05850855708
49.92,0,0.971892978623,1.02891987286,0.728551148534,0.618748401428,-6.86095955127,-5.93283694913
50.08,0,0.966314058106,1.03486024198,0.772953961484,0.908958697607,-6.86093905976,-5.49750101335
50.24,0,0.969241488604,1.0317346211,0.709254986578,0.76185521965,-6.86095826432,-5.71817543485
50.4,0,0.965886395404,1.03531844403,0.89376024115,0.692283512995,-6.86072089583,-5.82229562633
50.56,0,0.960546750209,1.04107374241,1.68821956796,0.57299156483,-6.85389180335,-5.99440445611
50.72,0,0.961326618061,1.0402291804,1.35459562739,0.436508985015,-6.85783777214,-6.20307429462
50.88,0,0.969018253285,1.03197230456,0.735723995645,0.76662299907,-6.86095844935,-5.71102395074
51.04,0,0.973940525384,1.02675674123,0.490906779828,0.700097437325,-6.86050059464,-5.81035443865
51.2,0,0.975609316194,1.02500046217,0.0611148883609,0.806192581381,-6.85704240468,-5.64775353261
51.36,0,0.97917950456,1.02126320592,0.0647091584425,0.746390317123,-6.85708641969,-5.737500944
51.52,0,0.991001777878,1.00907992531,-0.436552886362,0.793810328624,-6.84820794321,-5.65749245027
51.68,0,0.978367030895,1.02211130222,0.263658742426,0.672539351062,-6.85911553766,-5.85030651107
51.84,0,0.970441838635,1.03045845736,0.577388226568,0.597422141241,-6.86078079844,-5.96464758657
52,0,0.977018225303,1.02352236028,0.21401201695,0.873978024323,-6.85868278708,-5.54771575059
52.16,0,0.986406504934,1.01378082464,-0.073659661231,0.794188198383,-6.85519603007,-5.6639137325
52.32,0,0.991143437455,1.00893570215,-0.687922233297,0.606117277942,-6.84147362543,-5.93229770852
52.48,0,0.988869829549,1.01125544548,-0.335723975803,0.579496331218,-6.85045919313,-5.9812146963
52.64,0,0.98878028809,1.01134702223,-0.41180624859,0.802792576202,-6.84878348203,-5.64459461772
52.8,0,0.995321805972,1.00470018239,-0.386264350141,0.686056802449,-6.84936171736,-5.82027651369
52.96,0,0.993932979064,1.00610405436,-0.538359554875,0.77089782747,-6.84567857636,-5.68933183516
53.12,0,0.992693276467,1.00736050471,-0.68497156575,0.690305221982,-6.84156240009,-5.80610456711
53.28,0,0.99306998168,1.00697837861,-0.580384805019,0.657814230639,-6.84455695404,-5.85783560808
53.44,0,0.990736315317,1.00935030294,-0.558443044876,0.760544775516,-6.845148305,-5.70433114172
53.6,0,0.985329015216,1.01488942735,-0.136175069915,0.873567635688,-6.85420687799,-5.54385542446
53.76,0,0.976295254389,1.02428030404,0.123363191447,0.634358009536,-6.85776720098,-5.90623018668
53.92,0,0.986105965612,1.01408979853,-0.0774208085401,0.896879356922,-6.85513893623,-5.50981990085
54.08,0,0.971768974958,1.02905116933,0.336857141783,0.831258019248,-6.85966699258,-5.6127799637
54.24,0,0.971732827697,1.02908944876,0.888702793327,0.747063142533,-6.86073471602,-5.74014000222
54.4,0,0.969804108738,1.03113607273,0.674993835163,0.608116970542,-6.86094060993,-5.94876515412
54.56,0,0.976291255202,1.02428449981,0.147669480605,0.865047639076,-6.85802881837,-5.56045735976
54.72,0,0.986693997948,1.01348543934,-0.225211348976,0.733044407506,-6.85264784672,-5.75308123546
54.88,0,0.971777795333,1.02904182911,0.578739072469,0.578589878014,-6.86078413175,-5.99289931473
55.04,0,0.971682612913,1.02914263023,0.781055325826,0.664742336362,-6.86093181993,-5.86381831539
55.2,0,0.971703195631,1.02912083082,0.557068083789,0.665004228657,-6.86072681125,-5.86322046827
55.36,0,0.996728167981,1.00328257204,-0.58067248656,0.590025355163,-6.84454911696,-5.95951108421
55.52,0,1.00339311817,0.996618356146,-0.968195202033,0.616646223271,-6.83190862387,-5.90693928896
55.68,0,0.998416836585,1.0015856738,-0.679077441235,0.661398770705,-6.84173901811,-5.84964086205
55.84,0,0.993531218187,1.0065108994,-0.702835058323,0.527476851702,-6.8410212916,-6.04980601405
56,0,1.00008451846,0.999915488687,-1.0218596598,0.580275843089,-6.8298089841,-5.95939521947
56.16,0,1.00203055171,0.997973563077,-1.04718860147,0.631447956275,-6.82878645229,-5.88161451787
56.32,0,0.99747164618,1.0025347626,-0.819846792156,0.76762071377,-6.83725590715,-5.6858248365
56.48,0,1.00558498338,0.994446035419,-1.18982342233,0.648877328811,-6.82263800411,-5.8493220109
56.64,0,0.995103490464,1.00492060332,-0.553866060381,0.573663090241,-6.84527007424,-5.98477543888
56.8,0,0.998660501997,1.00134129466,-0.938087749413,0.812767124726,-6.83304747626,-5.61389678917
56.96,0,0.997608991416,1.00239673921,-0.816612937176,0.749099635434,-6.83736521707,-5.71371576392
57.12,0,0.989888666547,1.01021461685,-0.28192028537,0.581517114488,-6.85156046988,-5.97928479815
57.28,0,0.989870243416,1.01023341862,-0.422154762926,0.811989132665,-6.84854464516,-5.63056094616
57.44,0,0.989164629875,1.01095406143,-0.28170364401,0.626403712593,-6.85156476622,-5.91195919733
57.6,0,0.988111288074,1.01203175398,-0.47085288619,0.677677090301,-6.84738503553,-5.83086940008
57.76,0,0.989854240476,1.01024975103,-0.318709701423,0.729452853377,-6.85081486202,-5.75663558196
57.92,0,0.996339015987,1.00367443607,-0.682920973008,0.512835713804,-6.84162395422,-6.07237038352
58.08,0,1.00954855462,0.990541757924,-1.08744627245,0.498366408729,-6.82711889757,-6.07956928448
58.24,0,1.00366835943,0.996345048242,-1.06985461847,0.719382613699,-6.82785402088,-5.74878010033
58.4,0,1.00834588759,0.991723189735,-1.16635725693,0.653034661187,-6.82369610056,-5.84414410877
58.56,0,1.00588127238,0.994153114749,-1.06427035001,0.581198311846,-6.82808528131,-5.95628781354
58.72,0,0.986508464713,1.01367604615,-0.362588742131,0.637573866397,-6.8498835044,-5.8935227048
58.88,0,0.981694809409,1.01864651867,-0.247198154962,0.790483717439,-6.85223509535,-5.66650951919
59.04,0,0.993997997061,1.0060382445,-0.699903374072,0.706107256718,-6.84111069891,-5.78194981383
59.2,0,0.997799965985,1.00220488484,-0.558518984538,0.580205093864,-6.84514628005,-5.97483863925
59.36,0,0.992226322429,1.00783458108,-0.619216228963,0.636181700343,-6.84347932895,-5.88920677844
59.52,0,0.993925195939,1.00611193286,-0.670935562727,0.745777886204,-6.841981428,-5.72331459869
59.68,0,0.997247903175,1.00275969176,-0.559991373011,0.614263595845,-6.84510698872,-5.92371159495
59.84,0,0.998144530594,1.00185891857,-0.991292569994,0.801533871927,-6.83101596551,-5.62871515762
60,0,1.00680161912,0.993244330368,-1.2493105909,0.719402863012,-6.81987096663,-5.74076667211
60.16,0,1.02006559962,0.980329108613,-1.59071116649,0.533277486278,-6.80147364482,-6.0015574154
60.32,0,1.00814411491,0.991921675888,-1.43074170167,0.833633558109,-6.81064893754,-5.56019860037
60.48,0,1.01818411991,0.982140636891,-1.81349494247,0.715395670869,-6.78690074671,-5.71380724041
60.64,0,1.02416683224,0.976403422293,-1.68592347559,0.787216468126,-6.79551277312,-5.61468807093
60.8,0,1.02601427743,0.9746453066,-1.93029681265,0.640909901747,-6.77834754883,-5.81698269621
60.96,0,1.01833054429,0.981999416208,-1.72114932753,0.601485975542,-6.79320801361,-5.8909790503
61.12,0,1.01431452862,0.985887485379,-1.49670968735,0.608832779145,-6.80698871285,-5.89373954413
61.28,0,1.01544561793,0.984789320411,-1.45399530551,0.661427513133,-6.80937803893,-5.81723676923
61.44,0,1.01625826914,0.984001833355,-1.72254520903,0.966601509584,-6.79311555164,-5.34321328727
61.6,0,1.02304907686,0.977470213915,-2.00216786638,0.545588983248,-6.77274762076,-5.95436414588
61.76,0,1.01398443839,0.986208428981,-1.42200949083,0.809090852012,-6.81112081949,-5.59748454147
61.92,0,1.01822483199,0.98210136758,-1.63066600616,0.752105626676,-6.79901923134,-5.67086079133
62.08,0,1.02855548197,0.972237295436,-2.02536579684,0.710871570042,-6.77088303127,-5.7045756762
62.24,0,1.02645592827,0.974225948193,-1.88653238147,0.705034771969,-6.78163000928,-5.72407785132
62.4,0,1.01667959271,0.983594051824,-1.72680035856,0.727034444594,-6.79283315778,-5.70228149089
62.56,0,1.00723874431,0.992813278525,-1.36656257384,0.84138366739,-6.8140497282,-5.55197422712
62.72,0,1.00352680097,0.996485593638,-0.952030867131,0.725861592527,-6.83252351972,-5.74373113093
62.88,0,1.00060839747,0.999391972451,-1.02302297356,0.731294642895,-6.82976246759,-5.73282050325
63.04,0,1.00786618677,0.992195207186,-1.40610785124,0.7146024586,-6.81197266437,-5.74006897647
63.2,0,1.00175983623,0.998243255352,-0.970903435047,0.688746660683,-6.83180481364,-5.79868482261
63.36,0,0.994257561667,1.00577560438,-0.509486789624,0.627351478464,-6.8464226677,-5.90539545001
63.52,0,0.989391177946,1.01072257595,-0.444508397516,0.746249732097,-6.84801969584,-5.72864509769
63.68,0,0.986248283466,1.01394346309,-0.282032768574,0.721369697594,-6.85155823873,-5.76950369233
63.84,0,0.988092785087,1.01205070525,-0.46810088687,0.608480903153,-6.84745214751,-5.93473079278
64,0,0.991186678004,1.0088916873,-0.612971761957,0.747559843682,-6.8436553211,-5.72231555558
64.16,0,0.99689768273,1.00311197159,-0.67248746464,0.546665188035,-6.84193536247,-6.02193758041
64.32,0,0.98295105332,1.01734465477,-0.32810837638,0.629590354634,-6.85061924339,-5.90623371144
64.48,0,0.98284992595,1.01744933138,-0.0986040472923,0.519158626203,-6.85481162334,-6.07607368404
64.64,0,0.980294624854,1.0201014824,0.0758308361862,0.640633053459,-6.85722092468,-5.89627134449
64.8,0,0.982796409023,1.01750473528,-0.147571049117,0.715936556908,-6.85401727401,-5.78011243865
64.96,0,0.972020496231,1.02878489073,0.572505978949,0.684919036512,-6.86076848579,-5.83338993103
65.12,0,0.969394169841,1.03157212114,0.735059492639,0.88329072953,-6.86095858734,-5.53602249304
65.28,0,0.964630013085,1.03666689449,0.801249292763,0.525082245952,-6.8609091051,-6.07328573617
65.44,0,0.96543548109,1.03580199774,0.961551503303,0.616341731405,-6.86049684825,-5.93598425115
65.6,0,0.978666915765,1.02179810505,0.186838866679,0.627259102228,-6.85842548892,-5.91753683558
65.76,0,0.978883265325,1.02157227059,0.217678062782,0.917638279343,-6.85871638744,-5.48225896843
65.92,0,0.965501235865,1.03573145518,0.501097886683,0.741037838428,-6.8605405088,-5.74898375116
66.08,0,0.964019255194,1.03732367856,1.01761413715,0.760589505481,-6.8602577057,-5.71937344748
66.24,0,0.96432251001,1.03699746674,0.864241303081,0.630133229015,-6.86079583232,-5.9155959888
66.4,0,0.975014418325,1.02562585866,0.318538324378,0.769147794666,-6.85953855228,-5.70581686028
66.56,0,0.984805883107,1.01542853993,-0.200285598675,0.807145858318,-6.85310236722,-5.64238357974
66.72,0,0.984546099256,1.01569647247,-0.160862077505,0.57010079598,-6.85379248312,-5.99864128915
66.88,0,0.985959710565,1.01424022633,-0.269678082486,0.753360372768,-6.8518015308,-5.72176097165
67.04,0,0.967284944534,1.03382152865,0.841684241769,0.536899182416,-6.86084373263,-6.055494959
67.2,0,0.969101332479,1.03188383555,0.651480251497,0.685265434951,-6.86091702377,-5.83301887134
67.36,0,0.975318388459,1.02530620958,0.363145275025,0.94153901949,-6.85984027054,-5.44753174131
67.52,0,0.969562662695,1.03139285213,0.624538271029,0.590633437771,-6.86087841976,-5.9749282631
67.68,0,0.958296999388,1.04351782447,1.09306246223,0.615142171035,-6.85986040459,-5.93714714804
67.84,0,0.966961935118,1.03416687222,0.975360352864,0.493457728416,-6.86044243401,-6.12025584139
68,0,0.977413837257,1.02310808573,0.25604485668,0.755349270681,-6.85905227999,-5.72602837397
68.16,0,0.986118167352,1.01407725069,-0.350494399403,0.790761072675,-6.85014482161,-5.66400321259
68.32,0,0.969971501415,1.03095812459,0.631434103557,0.768653588933,-6.86088948332,-5.70790909992
68.48,0,0.961314808075,1.04024195987,1.01495420508,0.6669737738,-6.86027014064,-5.85980947994
68.64,0,0.962011833382,1.03948825295,1.26607906579,0.573589881107,-6.85863185431,-5.99824703265
68.8,0,0.949513029697,1.05317143496,1.63823908203,0.593482374816,-6.85457567314,-5.96435211092
68.96,0,0.953469183329,1.04880159473,1.98255185593,0.621044746168,-6.84923767642,-5.91767055717
69.12,0,0.955522041365,1.04654833349,1.44435047011,0.993387000552,-6.85692188162,-5.36684138079
69.28,0,0.961814952119,1.03970103376,1.47272914027,0.709970534735,-6.85660954191,-5.79165373981
69.44,0,0.968488984861,1.03253626591,0.903468959163,0.664195993426,-6.86069323256,-5.86439924242
69.6,0,0.970451129539,1.03044859196,0.636278490794,0.781287649143,-6.86089676815,-5.68896529444
69.76,0,0.96962705602,1.03132435692,0.520370098855,0.684284355433,-6.8606109238,-5.83418439065
69.92,0,0.968795949964,1.03220910455,0.701863826178,0.51417832749,-6.8609561238,-6.08968863257
70.08,0,0.963339194226,1.03805596823,0.830057268242,0.580761864142,-6.86086523438,-5.98972243817
70.24,0,0.950958114715,1.05157102561,1.44556286555,0.691901088108,-6.8569087595,-5.81905712734
70.4,0,0.957442492352,1.04444915281,1.60212663685,0.802158363048,-6.85504990795,-5.65181236337
70.56,0,0.96626808744,1.03490947595,0.924173906827,0.68974123617,-6.86062927918,-5.82601742493
70.72,0,0.959678475431,1.04201566004,1.34181097449,0.578656818391,-6.8579592257,-5.98997399812
70.88,0,0.94934704194,1.0533555758,1.73618562876,0.738524546803,-6.85320580747,-5.74541898726
71.04,0,0.951731099034,1.05071695252,1.78668403918,0.576925915569,-6.85245258188,-5.98706370853
71.2,0,0.950992762532,1.05153271339,1.88917271486,0.704678833332,-6.8508277853,-5.7938095353
71.36,0,0.962825192072,1.03861013218,0.883424340148,0.568246458972,-6.86074870818,-6.00837901972
71.52,0,0.9494961753,1.05319012969,1.84391160897,0.784234117344,-6.85156105477,-5.67520987875
71.68,0,0.942181174789,1.06136699263,2.54704237416,0.755892528574,-6.8375341652,-5.70369537234
71.84,0,0.949210102685,1.05350753977,1.99150014294,0.781564775789,-6.84907990274,-5.67673273906
72,0,0.945333479111,1.05782776353,2.11689396275,0.687412130581,-6.84677159088,-5.81565339501
72.16,0,0.940862825396,1.06285419405,3.03398526341,0.596653668399,-6.82480850094,-5.92982799834
72.32,0,0.956384117606,1.04560498401,1.3752314099,0.76177612937,-6.8576369652,-5.71497277114
72.48,0,0.957176152464,1.04473977692,1.36252136431,0.898589539477,-6.85776134185,-5.50987703264
72.64,0,0.961296724235,1.04026152882,1.2793563991,0.821451715529,-6.85851976161,-5.62634218831
72.8,0,0.95547559483,1.04659920715,1.72602424357,0.672476795695,-6.85335354125,-5.84463834771
72.96,0,0.964237171193,1.03708924513,1.0849171122,0.722639354169,-6.85990741643,-5.77594838517
73.12,0,0.979476639444,1.02095339463,0.489788284318,0.677406993238,-6.86049610075,-5.84438561089
73.28,0,0.969649579175,1.03130040117,0.533182484971,0.66940363457,-6.8606540855,-5.85654863364
73.44,0,0.948738151096,1.05403160908,1.89923204186,0.661094596351,-6.85066146954,-5.85901957502
73.6,0,0.945800789585,1.05730510168,2.21067858781,0.542000428194,-6.84492855126,-6.03192790897
73.76,0,0.954260007699,1.04793242086,1.60534624087,0.69888370516,-6.85500830982,-5.80668275208
73.92,0,0.940669048353,1.06307314113,2.81906733937,0.677466967037,-6.83070606584,-5.81450561529
74.08,0,0.938955292399,1.06501343365,2.93815406095,0.564301406726,-6.82749142738,-5.98103931729
74.24,0,0.93562442438,1.06880493277,2.9533192171,0.868345719344,-6.82707250542,-5.5245539264
74.4,0,0.945912399433,1.05718034841,2.30362522508,0.69292476297,-6.84300604304,-5.80361889858
74.56,0,0.94451427447,1.05874524825,2.13104747255,0.801203864152,-6.84649976762,-5.64469397139
74.72,0,0.953815772238,1.04842049073,1.50820401551,0.602419890154,-6.85620394162,-5.95257410639
74.88,0,0.956759986556,1.04519421177,1.25256466367,0.772172328591,-6.85874338024,-5.70048488735
75.04,0,0.948824722349,1.0539354387,2.00314359196,0.564253113397,-6.84887320907,-6.00249353897
75.2,0,0.955630738177,1.04642929539,1.54816182783,0.707675596419,-6.85572710511,-5.79421371048
75.36,0,0.959046083933,1.04270276137,1.12038522788,0.663095046745,-6.85969549828,-5.86505292817
75.52,0,0.963512824272,1.03786890512,1.2435476275,0.728275257427,-6.85881634626,-5.76640346012
75.68,0,0.970323524545,1.03058410386,0.597483804107,0.739283605125,-6.86082711015,-5.75190170246
75.84,0,0.968638947517,1.0323764108,0.570628112398,0.793372945404,-6.86076363918,-5.67070422108
76,0,0.959382976616,1.04233661048,1.47903082154,0.78668402834,-6.8565387183,-5.67651267579
76.16,0,0.963724030203,1.0376414499,1.25824894639,0.630879504639,-6.85869678773,-5.91237753077
76.32,0,0.958658567597,1.0431242507,0.882543926647,0.575259567142,-6.860750999,-5.99786164829
76.48,0,0.965619354362,1.03560476028,1.27485476606,0.693126367608,-6.85855804586,-5.81886849445
76.64,0,0.969706280426,1.03124009835,0.698197847689,0.835854911507,-6.86095472247,-5.60717235521
76.8,0,0.959798574514,1.04188527317,0.983842825297,0.742432844333,-6.86040754888,-5.74675828238
76.96,0,0.958296370241,1.04351850957,1.4250662687,0.630122291037,-6.85712792845,-5.9119444919
77.12,0,0.960360623096,1.0412755125,1.11303698514,0.698402301142,-6.85974093756,-5.81213748585
77.28,0,0.955507707159,1.04656403345,1.43980023612,0.683907925216,-6.85697095317,-5.83110906535
77.44,0,0.970994964356,1.02987145836,0.692806309053,0.567527370415,-6.86095225167,-6.00966119604
77.6,0,0.962856987958,1.03857583474,0.723630038601,0.785059452988,-6.86095981261,-5.68337063313
77.76,0,0.958930532801,1.04282840706,1.26802806835,0.670482267346,-6.85861555641,-5.85289215539
77.92,0,0.956449815692,1.0455331619,1.35135242907,0.633353579555,-6.85786879678,-5.90783842744
78.08,0,0.957005388808,1.0449261955,1.46233367113,0.803910817184,-6.85672521221,-5.65085898643
78.24,0,0.970065573374,1.03085814758,0.835334891746,0.837865688401,-6.86085574407,-5.60405721147
78.4,0,0.977841094963,1.02266104907,0.150138789314,0.799651834639,-6.85805473087,-5.65857697892
78.56,0,0.972947178676,1.02780502572,0.428584633229,0.783393447719,-6.86021578732,-5.68512561574
78.72,0,0.967719031092,1.03335779071,0.699712523319,0.753833869316,-6.86095532879,-5.73020452481
78.88,0,0.968394872952,1.03263661129,0.519175050647,0.76309816435,-6.8606067496,-5.71595950307
79.04,0,0.965565576855,1.03566243865,1.31196104802,0.635898394395,-6.85823394794,-5.90438635635
79.2,0,0.963778089647,1.03758324737,0.863750335582,0.60144447791,-6.86079696151,-5.95863024465
79.36,0,0.971912660526,1.02889903652,0.613948763785,0.626723546669,-6.86085983954,-5.92077451954
79.52,0,0.969341439795,1.03162823639,0.652669404588,0.737128247856,-6.86091844205,-5.75522607027
79.68,0,0.96757100831,1.03351587781,0.654871917491,0.694075577059,-6.86092100538,-5.81980763979
79.84,0,0.970869275619,1.03000478552,0.918938996087,0.771237636694,-6.86064608482,-5.70378962978
16,1,0.965868426857,1.03533770459,0.785079499989,0.799572174895,-6.86092782438,-5.66156956204
16.16,1,0.966557521526,1.03459957398,1.25868322435,0.909258830288,-6.85869320917,-5.49480496374
16.32,1,0.960909546764,1.04068067943,1.07953757558,0.753881167201,-6.8599379216,-5.7291161708
16.48,1,0.970153651609,1.03076455811,0.93865599075,0.842777117258,-6.8605805525,-5.59641487661
16.64,1,0.967027050741,1.03409723568,0.84861133481,0.615282602844,-6.86082988972,-5.93790598546
16.8,1,0.977473144404,1.02304600973,0.279118054023,0.708093745711,-6.85924053616,-5.79709991759
16.96,1,0.984757137426,1.01547880385,-0.219216561963,0.633833352444,-6.85275845783,-5.90200842916
17.12,1,0.983073144789,1.017218307,0.0345524631634,0.788225247673,-6.8567088144,-5.67437094289
17.28,1,0.982771194998,1.01753084043,-0.0268945864656,0.627353381055,-6.85588041065,-5.91485033907
17.44,1,0.968042547037,1.03301244667,0.701717224255,0.604302306467,-6.86095607209,-5.95450261239
17.6,1,0.969766672369,1.03117587817,0.695632146628,0.731362301286,-6.86095360757,-5.76391015564
17.76,1,0.962410624821,1.03905752307,1.2497835316,0.69468677361,-6.85876600883,-5.81673584841
17.92,1,0.968290056331,1.03274839338,0.821325912428,0.676240272601,-6.86087994917,-5.84651954027
18.08,1,0.969680927402,1.03126706089,0.524535574032,0.625587757228,-6.86062527533,-5.92224363949
18.24,1,0.983659887867,1.01661154667,0.2672402637,0.611879698098,-6.85914490638,-5.94132535924
18.4,1,0.990374402112,1.00971915052,-0.189699142604,0.541928740168,-6.85329113228,-6.04039802202
18.56,1,0.983881107582,1.01638296771,-0.107742736282,0.490031030252,-6.85466738733,-6.11962084195
18.72,1,0.974336003475,1.02633998583,0.308481928192,0.562999774797,-6.85946534067,-6.01496567847
18.88,1,0.96727320468,1.03383407621,0.906792649812,0.575061277095,-6.86068342063,-5.99809150499
19.04,1,0.96673082024,1.03441410894,0.54317078182,0.731404726043,-6.86068571994,-5.76357863087
19.2,1,0.979065079366,1.02138256289,0.339969073972,0.73191217728,-6.85968818215,-5.76181991623
19.36,1,0.97513939983,1.02549440641,0.256910222607,0.63482691105,-6.85905952609,-5.90681915952
19.52,1,0.973702191307,1.02700806153,0.388083168349,0.710857052136,-6.85999271491,-5.79370713671
19.68,1,0.972723084854,1.0280418092,0.508231585059,0.59141956098,-6.86056734436,-5.97343800289
19.84,1,0.975341020789,1.02528241783,0.572735254657,0.82356636113,-6.86076907332,-5.62541953162
20,1,0.98013256565,1.02027015023,0.0835681520362,0.69151004252,-6.85731299679,-5.82004793301
20.16,1,0.974609804697,1.02605165183,0.398401337145,0.592493778893,-6.86005241409,-5.97131174575
20.32,1,0.977132054164,1.02340312728,0.277858327915,0.595522024699,-6.85923052258,-5.96594748553
20.48,1,0.974704059361,1.02595243181,0.198030758707,0.700569371419,-6.85853322757,-5.80767917045
20.64,1,0.960486407414,1.04113914812,0.959312654256,0.60644791228,-6.86050539249,-5.95083352407
20.8,1,0.958772647786,1.04300013388,1.29778265092,0.74709457174,-6.85836007362,-5.73771821601
20.96,1,0.957202165281,1.04471138519,1.17416119996,0.627563997894,-6.85933876571,-5.91799276886
21.12,1,0.954596111666,1.04756345409,1.74579435492,0.718588813008,-6.85306492352,-5.77518170401
21.28,1,0.954812735411,1.04732578747,1.46866110078,0.662557922822,-6.85665497954,-5.86281809531
21.44,1,0.961260939035,1.040300255,1.24164818132,0.666856912941,-6.8588315687,-5.85854619929
21.6,1,0.971548372974,1.02928482803,0.839335798538,0.755787150771,-6.86084825084,-5.72716752468
21.76,1,0.949326490688,1.0533783791,1.54126419038,0.71867141332,-6.85581092034,-5.77780380036
21.92,1,0.934341217664,1.07027280943,3.02444411625,0.703053853252,-6.82507939916,-5.77049861928
22.08,1,0.941957272059,1.06161927899,2.71658260591,0.641592163816,-6.83336407335,-5.87097582762
22.24,1,0.94585558764,1.05724384681,2.12928939136,0.766182900168,-6.84653365521,-5.69725930496
22.4,1,0.951315709566,1.05117574528,1.75829494487,0.723389488554,-6.85287991946,-5.76779568663
22.56,1,0.957818685343,1.04403893482,1.37516965767,0.714695434397,-6.85763757486,-5.78559442327
22.72,1,0.968810819661,1.03219326179,0.760565620124,0.719019438266,-6.8609480482,-5.7824188908
22.88,1,0.967655155582,1.03342600329,0.693397769372,0.754122688998,-6.86095254657,-5.72976851307
23.04,1,0.953636486629,1.04861759593,1.66133334553,0.877291303675,-6.85426363029,-5.53832667478
23.2,1,0.955153510424,1.04695212768,1.53317579965,0.697229176142,-6.85590840804,-5.81006464383
23.36,1,0.957844829803,1.04401043769,1.4718117828,0.629722027009,-6.85661980762,-5.91203676711
23.52,1,0.963593031417,1.03778251544,0.945206553375,0.625935902063,-6.86055743685,-5.92165358376
23.68,1,0.971326378344,1.02952006894,0.562373025592,0.584163025838,-6.86074160243,-5.98449706367
23.84,1,0.974206546294,1.02647637075,0.288539593944,0.56979391392,-6.85931446249,-6.00462359161
24,1,0.966483133736,1.03467920452,0.791689091186,0.826484596362,-6.86092068772,-5.62119379318
24.16,1,0.96667178147,1.03447728502,0.882765963869,0.645184796525,-6.86075042243,-5.89297322764
24.32,1,0.969662356945,1.03128681116,0.394238191336,0.690934409971,-6.86002856378,-5.82362694883
24.48,1,0.965775773114,1.03543703191,0.776497252293,0.559815243781,-6.86093602556,-6.02121315989
24.64,1,0.967082650774,1.03403778281,0.894663450038,0.708145254849,-6.8607183851,-5.79850050283
24.8,1,0.965374327009,1.03586761324,0.941878467678,0.62193100363,-6.86056926458,-5.92767275914
24.96,1,0.973294880913,1.02743785014,0.668268387986,0.916238630591,-6.86093482107,-5.48657687519
25.12,1,0.953402004546,1.04887549557,1.35088362035,0.683866914447,-6.85787326938,-5.83207289771
25.28,1,0.961437806502,1.04010887988,1.24569828682,0.640223790942,-6.85879904839,-5.89846336198
25.44,1,0.96559675883,1.03562899405,0.570801765791,0.552303086842,-6.86076408995,-6.03230945969
25.6,1,0.956307124005,1.04568916711,1.30196581712,0.762733787168,-6.85832315517,-5.71422247442
25.76,1,0.954224015641,1.04797194748,1.54483266413,0.56001480806,-6.85576763677,-6.01574542468
25.92,1,0.958096828685,1.04373584179,1.31894099594,0.766132913929,-6.85817082221,-5.70897145132
26.08,1,0.96431003632,1.03701088067,1.28426921126,0.536473407888,-6.85847765365,-6.05376754182
26.24,1,0.967128787643,1.03398845405,0.878449949657,0.854560437689,-6.86076148989,-5.57892083335
26.4,1,0.968170657186,1.03287575654,0.792133764772,0.704589987917,-6.860920182,-5.80403520012
26.56,1,0.968207585154,1.03283636209,0.678543597595,0.805088995142,-6.86094335695,-5.65330986423
26.72,1,0.975358022995,1.02526454535,0.330058454086,0.723427898931,-6.85962006431,-5.77447821591
26.88,1,0.978055882887,1.02243646554,0.231909254928,0.966003642921,-6.85884432613,-5.40983886174
27.04,1,0.96777961893,1.03329309735,0.741623578305,0.654809654417,-6.86095690324,-5.87874242161
27.2,1,0.955991224889,1.04603470614,1.34095410012,0.749974622901,-6.85796728489,-5.73300535054
27.36,1,0.947756476615,1.05512336204,1.8980878173,0.809396584989,-6.85068044861,-5.63658557113
27.52,1,0.951415459648,1.05106553594,1.87196170325,0.911735153378,-6.85110952821,-5.48350679814
27.68,1,0.959615740417,1.04208378196,1.23832315426,0.597623135113,-6.85885809187,-5.9624233892
27.84,1,0.953211787944,1.04908480219,1.80051567697,0.769029349316,-6.85224077627,-5.69869675229
28,1,0.950858042405,1.05168169738,1.95669867148,0.534875082251,-6.84968823935,-6.04737561598
28.16,1,0.958615860181,1.04317072306,1.46256516624,0.880222870599,-6.85672265215,-5.53638834625
28.32,1,0.963942169971,1.03740663201,0.974356399534,0.551990040304,-6.86044648945,-6.032461429
28.48,1,0.960083605221,1.0415759571,1.17293581953,0.715479794796,-6.85934736583,-5.78612767363
28.64,1,0.967333703154,1.0337694187,0.564771587244,0.708791175046,-6.86074812821,-5.79756136564
28.8,1,0.966540968355,1.03461729274,0.860158951517,0.702088070474,-6.86080510444,-5.80767299873
28.96,1,0.96469389981,1.03659824137,0.981705859518,0.697560839102,-6.86041644187,-5.81407518321
29.12,1,0.962348448248,1.03912465575,1.21698040814,0.699352970521,-6.85902456909,-5.80999511331
29.28,1,0.968874797425,1.03212510291,1.03140770954,0.746824686973,-6.86019149453,-5.73995446407
29.44,1,0.976120342835,1.02446384541,0.344315102067,0.718983635613,-6.85971746984,-5.78124201642
29.6,1,0.988782716887,1.01134453801,-0.248851004816,0.781506537691,-6.85220361639,-5.67994380985
29.76,1,0.988813881384,1.01131266341,-0.244298101309,0.822211575838,-6.85229017504,-5.61897281128
29.92,1,0.989061181319,1.01105979983,-0.598962823938,0.611819375683,-6.84404637118,-5.92631730766
30.08,1,0.994948208335,1.00507744184,-0.513011575556,0.658955350688,-6.84633297552,-5.85789994949
30.24,1,1.001648118,0.998354593824,-0.777168311261,0.557092661457,-6.83867426374,-6.00303527156
30.4,1,0.988947949681,1.01117556321,-0.497750594598,0.683468587801,-6.84671902251,-5.82151614081
30.56,1,0.995984710077,1.00403147747,-0.91829439735,0.851567492225,-6.83378109798,-5.55642985964
30.72,1,0.987967174789,1.01217937753,-0.238569908848,0.786201654562,-6.85239839804,-5.6730959162
30.88,1,0.983711605262,1.0165580996,-0.282584305716,0.868201962464,-6.85154729446,-5.54924435076
31.04,1,0.978579844733,1.02188902151,-0.0850930829818,0.789622698091,-6.85502151828,-5.67058747114
31.2,1,0.980572173711,1.01981274485,0.0235385869792,0.928156749098,-6.85656618005,-5.4643310564
31.36,1,0.992615570888,1.00743936457,-0.636833698535,0.575635278427,-6.84297718401,-5.97952426637
31.52,1,0.983397909392,1.0168823733,-0.11724643005,0.788717950672,-6.85451544418,-5.67143851818
31.68,1,0.980688862594,1.01969140075,0.0514153507046,0.729327759034,-6.85692229026,-5.76293065171
31.84,1,0.969493345267,1.03146659529,0.464091180649,0.580669404315,-6.86038666245,-5.98938255598
32,1,0.983193691568,1.01709358855,-0.0477964909572,0.566851424335,-6.8555803385,-6.005303202
32.16,1,1.0011658398,0.998835517804,-0.879013885222,0.783686627863,-6.83520200226,-5.65967206046
32.32,1,0.988379626879,1.01175699378,-0.494258900416,0.875070932361,-6.84680651553,-5.53420011699
32.48,1,0.976413318413,1.02415645213,0.172347584512,0.6874407293,-6.85828229981,-5.82712120586
32.64,1,0.98016719405,1.02023410503,0.194215088659,0.855911327752,-6.85849677433,-5.5746297827
32.8,1,0.966263481737,1.03491440886,0.613332158902,0.81571034238,-6.86085869819,-5.63729318462
32.96,1,0.97787005393,1.02263076365,0.19925299125,0.55736407938,-6.85854484346,-6.02249872438
33.12,1,0.972243778865,1.02854862303,0.568785728334,0.56852073998,-6.86075882429,-6.00797771432
33.28,1,0.95821881084,1.04360297323,0.954516784571,0.629196137997,-6.86052343361,-5.91672922662
33.44,1,0.955266194891,1.04682862782,1.66391616962,0.705319940161,-6.85422830915,-5.79624839891
33.6,1,0.951108413325,1.05140485142,1.64707379462,0.676185928045,-6.85445710545,-5.84017821338
33.76,1,0.943696087571,1.05966318306,2.38960560707,0.723206743851,-6.84114446604,-5.75633435026
33.92,1,0.928537892576,1.07696197215,3.27187627492,0.817441069945,-6.81779043282,-5.59162882791
34.08,1,0.932343687316,1.07256585056,3.23919305732,0.88724239007,-6.81878420494,-5.48792061984
34.24,1,0.946826034357,1.05616022766,2.1763448471,0.789039680457,-6.84561467351,-5.66205515283
34.4,1,0.957285084236,1.04462089347,1.40696851108,0.7186618362,-6.85731670889,-5.77932395459
34.56,1,0.961227120884,1.04033685512,0.815808744289,0.792247518833,-6.86088861214,-5.67251733389
34.72,1,0.963839788759,1.03751682765,1.08972816581,0.720658779402,-6.85987976857,-5.77889159947
34.88,1,0.969455839307,1.0315065003,0.810420872451,0.729440294841,-6.86089659654,-5.76673615428
35.04,1,0.971888807108,1.02892428916,0.363641390201,0.630261783686,-6.85984341622,-5.91445074069
35.2,1,0.981289482322,1.01906727629,0.0380275239809,0.820266465988,-6.85675329165,-5.62635359266
35.36,1,0.992736405128,1.00731674071,-0.459538682135,0.820763983864,-6.84765973379,-5.616513758
35.52,1,0.989912430791,1.01019036522,-0.568378873399,0.591441496718,-6.84488208564,-5.95771984057
35.68,1,0.978143718648,1.02234465236,0.138168956609,0.686807637603,-6.85792797871,-5.8277165223
35.84,1,0.971943928388,1.02886593639,0.36614514533,0.853466260915,-6.85985922143,-5.57965983006
36,1,0.971733819328,1.0290883986,0.44469532952,0.732167105521,-6.86029616081,-5.76204550253
36.16,1,0.958970920479,1.04278448767,1.64494244853,0.808445515317,-6.85448580088,-5.6418175279
36.32,1,0.971817659693,1.02899961739,0.593710719363,0.537596144391,-6.86081894951,-6.05442473292
36.48,1,0.979703204063,1.02071729056,0.191724111433,0.734803868951,-6.85847282139,-5.75626701796
36.64,1,0.962386230583,1.03908386074,1.14240913515,0.528812691059,-6.85955453236,-6.06633549577
36.8,1,0.970460855008,1.03043826532,0.58006954068,0.470275439356,-6.8607873837,-6.15537422467
36.96,1,0.979817520915,1.02059820186,0.137085913156,0.54903234562,-6.85791636779,-6.03436784936
37.12,1,0.982285411375,1.01803405448,-0.205547074931,0.716218573131,-6.85300760414,-5.77867974444
37.28,1,0.994422298507,1.00560898675,-0.58923467571,0.726377611749,-6.84431486702,-5.7547484494
37.44,1,1.00304723847,0.99696201898,-0.824587882008,0.656578099666,-6.83709510178,-5.85222795228
37.6,1,0.995467185546,1.00455345442,-0.748319849433,0.775889906944,-6.83960355768,-5.67576869727
37.76,1,0.995042943012,1.00498175182,-0.651630350278,0.777349873778,-6.84254899509,-5.67652418442
37.92,1,1.00451426316,0.99550602383,-0.991366644672,0.695118234844,-6.83101307599,-5.78833572373
38.08,1,1.00781263392,0.992247930159,-1.09399891115,0.716443428494,-6.82684250096,-5.75217735822
38.24,1,1.00751068133,0.99254530848,-1.21981955744,0.552464984133,-6.82125805602,-5.99256057982
38.4,1,0.99701906332,1.00298984923,-0.904986957463,0.737872457265,-6.83426765858,-5.72745897268
38.56,1,0.999423866721,1.0005764654,-0.628361746277,0.774975645605,-6.84321969515,-5.68075622674
38.72,1,0.999757103351,1.00024295566,-0.717012472938,0.597704684388,-6.8405855696,-5.94402854302
38.88,1,1.00218601381,0.997818754423,-0.955806485577,0.759250545908,-6.83238061396,-5.6935047951
39.04,1,1.01077048503,0.989344282217,-1.23998276778,0.805747760918,-6.82031297636,-5.61169133499
39.2,1,0.995266394527,1.00475611906,-0.764811536298,0.696330416763,-6.83907519731,-5.79457957216
39.36,1,0.984888382703,1.01534348213,-0.220211700696,0.565591107106,-6.85274015328,-6.00435349262
39.52,1,0.987476695705,1.01268212642,-0.255893266067,0.737499095367,-6.8520687859,-5.74582014285
39.68,1,0.990523465676,1.00956719821,-0.436415805689,0.857109091566,-6.84821117309,-5.56254753574
39.84,1,0.976071292736,1.02451532736,0.191380133796,0.758952772903,-6.8584695041,-5.72004034474
40,1,0.976688291927,1.02386811459,0.302647187945,0.698410372945,-6.85942198173,-5.81180642232
40.16,1,0.981932351769,1.01840009467,0.0715183567101,0.602584957922,-6.85716907258,-5.9532916357
40.32,1,0.987598065987,1.01255767345,-0.266340419497,0.829499367231,-6.85186664582,-5.60761759497
40.48,1,0.984239114065,1.01601326924,-0.448305759995,0.658735573206,-6.84792928503,-5.85982592522
40.64,1,0.978319087553,1.02216139164,0.337010514288,0.509665378764,-6.85966804118,-6.09516997304
40.8,1,0.981654064524,1.01868879898,0.177196716133,0.593400750448,-6.85833067886,-5.96822955318
40.96,1,0.971324226867,1.02952234932,0.731484462134,0.668808108467,-6.86095920392,-5.85774704122
41.12,1,0.979659478798,1.02076284836,0.394400661437,0.468903659318,-6.86002950057,-6.15667401159
41.28,1,0.989638061717,1.01047043226,-0.260897847633,0.602662989837,-6.85197226964,-5.94797778489
41.44,1,0.982968822196,1.0173262645,-0.2209686097,0.695766393389,-6.85272621554,-5.80907662546
41.6,1,0.990583293589,1.00950622373,-0.322777648463,0.839175014247,-6.85073045201,-5.59196793064
41.76,1,0.996680850432,1.00333020301,-0.66499206531,0.753426541846,-6.84215724364,-5.71201743087
41.92,1,0.99562933076,1.00438985585,-0.75377047303,0.765420719424,-6.83942978005,-5.69129870092
42.08,1,0.99681971524,1.00319043124,-0.722955324547,0.599367708741,-6.84040126587,-5.94134970276
42.24,1,1.00369117199,0.996322402653,-0.947303518326,0.693023650594,-6.83270183142,-5.79316635553
42.4,1,0.992740784882,1.00731229665,-0.518828246002,0.567836807171,-6.8461842683,-5.99442905754
42.56,1,0.993007491651,1.00704174783,-0.660568058602,0.618968702434,-6.8422874872,-5.91383443355
42.72,1,1.00425071861,0.995767273517,-1.01614910077,0.611646421538,-6.83003670701,-5.91256707471
42.88,1,0.996625295301,1.00338613189,-0.830939839511,0.861205311098,-6.83687863612,-5.54507066947
43.04,1,0.997628477123,1.00237716037,-0.715199538278,0.796129970839,-6.84064159815,-5.64644664189
43.2,1,0.97974117217,1.02067773449,-0.157614061202,0.735969498908,-6.85384778131,-5.74989353295
43.36,1,0.984515000248,1.01572855645,0.0573819954306,0.709062468316,-6.85699640913,-5.79340270666
43.52,1,0.988793319494,1.01133369359,-0.48229652134,0.507740743926,-6.84710391705,-6.08549280117
43.68,1,0.983838725925,1.01642675131,-0.314020849116,1.00762847821,-6.85091166838,-5.33946895107
43.84,1,0.976136689737,1.02444668919,0.0607278703991,0.623390814467,-6.85703764937,-5.92195142767
44,1,0.97462706762,1.02603347806,0.321543678492,0.605831631464,-6.85956005919,-5.95081261199
44.16,1,0.973035903987,1.02771130634,0.227833058782,0.766006529935,-6.85880808579,-5.70979829088
44.32,1,0.967138849012,1.03397769723,0.839660208575,0.756646384982,-6.86084763197,-5.7258780545
44.48,1,0.951515572052,1.05095494953,1.66483529737,0.526944884562,-6.85421571924,-6.0637983924
44.64,1,0.949296634691,1.05341150854,1.86620265362,0.836523833886,-6.85120300769,-5.59641725687
44.8,1,0.951008775135,1.05151500822,2.16648791042,0.849599733722,-6.84580923056,-5.57140962998
44.96,1,0.970648223656,1.03023935513,0.962205075778,0.77976314395,-6.86049433934,-5.69084962342
45.12,1,0.973321379104,1.02740987866,0.07903012641,0.690762271823,-6.85725914468,-5.82111573695
45.28,1,0.971737187821,1.0290848313,0.690595976428,0.642917195333,-6.86095109754,-5.89657530454
45.44,1,0.962911035079,1.03851754063,0.886338969478,1.00816033413,-6.86074103665,-5.34850053546
45.6,1,0.958354391603,1.04345533214,1.69005659366,0.677589403439,-6.85386606382,-5.83748195866
45.76,1,0.964520442379,1.03678466113,0.901955699404,0.614412718162,-6.86069764219,-5.93907856495
45.92,1,0.945819247904,1.05728446764,2.2978118064,0.559756457253,-6.84312904635,-6.00349436047
46.08,1,0.946886269982,1.05609304063,2.19691203074,0.740518340017,-6.84520523192,-5.7344277219
46.24,1,0.95141654706,1.05106433464,1.74732289805,0.651482974921,-6.85304240589,-5.8758179435
46.4,1,0.948599454609,1.054185721,1.83524002823,0.745869593706,-6.85169871445,-5.73289432389
46.56,1,0.957110486465,1.04481145504,1.38063756488,0.658243782269,-6.85758338802,-5.87021771462
46.72,1,0.948954593996,1.05379119963,1.85784885527,0.686483705437,-6.85133789344,-5.82161233529
46.88,1,0.963649979144,1.03772118678,1.1026404382,0.801022034233,-6.85980385909,-5.65827080774
47.04,1,0.970137446275,1.03078177617,0.762201431634,0.730400308924,-6.86094700591,-5.76534654252
47.2,1,0.981176707071,1.01918440664,0.314381779951,0.739618711621,-6.85950852502,-5.75008045759
47.36,1,0.974134794129,1.02655197825,0.528717337445,0.758255286786,-6.86063937359,-5.72325644342
47.52,1,0.97573005376,1.02487362785,0.285001747914,0.792983598029,-6.85928690228,-5.66981150523
47.68,1,0.995969954626,1.00404635236,-0.876190754561,0.882621255877,-6.83530234761,-5.51137046379
47.84,1,0.990341127331,1.00975307639,-0.36100864249,0.707554928667,-6.84991784513,-5.78858545213
48,1,0.9913051272,1.00877113672,-0.469538696856,0.663772577464,-6.84741710794,-5.85175824174
48.16,1,0.995438111597,1.0045827946,-0.689369366568,0.61224397748,-6.84142999922,-5.923064033
48.32,1,0.994186185536,1.00584781256,-0.860736540275,0.805055922504,-6.83584746523,-5.62826358147
48.48,1,0.986323017777,1.01386663596,-0.271315767027,0.618709362646,-6.85176948599,-5.92370544202
48.64,1,0.988664648495,1.01146531488,-0.230482723886,0.887829046744,-6.85254990257,-5.52080633245
48.8,1,0.997042503706,1.00296626902,-0.567006260014,0.635284951191,-6.84491901677,-5.89199158998
48.96,1,1.00252332075,0.997483030371,-1.17473126301,0.548725070614,-6.82332065948,-6.00023305356
49.12,1,1.00421528206,0.995802411963,-1.10114251406,0.871786464089,-6.82653957774,-5.5188598816
49.28,1,1.00321412121,0.996796176272,-1.07943453003,0.690851425396,-6.82745493961,-5.79117780152
49.44,1,0.994320469596,1.00571197172,-0.814556512507,0.677003170632,-6.83743457026,-5.82192981432
49.6,1,0.993614471631,1.00642656538,-0.591422343408,0.696543951857,-6.84425470552,-5.79943877773
49.76,1,0.991278410822,1.00879832455,-0.505546469953,0.726615313463,-6.8465225578,-5.7565995876
49.92,1,0.996192137858,1.00382241738,-0.480455329522,0.584121671525,-6.84714936995,-5.97096686266
50.08,1,0.984465705839,1.01577941626,-0.0360080766724,0.695728654584,-6.85575072603,-5.81215774416
50.24,1,0.961253207053,1.04030862281,1.11008000716,0.747919319687,-6.85975899689,-5.73788001736
50.4,1,0.954482788432,1.04768782855,1.25489905128,0.762569344338,-6.85872430154,-5.71487028503
50.56,1,0.963135026392,1.038276018,1.49578421408,0.64038393862,-6.85634785003,-5.8957719421
50.72,1,0.964885558151,1.0363923385,0.656491985338,0.527773732903,-6.86092283817,-6.06926223881
50.88,1,0.968119962449,1.03292984216,0.516573898965,0.62660854566,-6.86059757631,-5.92068475782
51.04,1,0.968476935931,1.03254911181,0.629516189765,0.691173002695,-6.86088648813,-5.82412698408
51.2,1,0.967730740263,1.03334528748,0.761687903775,0.620029464336,-6.86094733786,-5.93090314135
51.36,1,0.958667726277,1.04311428516,1.2435643944,0.573775186078,-6.85881621166,-5.99815343254
51.52,1,0.965639135466,1.03558354594,1.07366971548,0.743884845875,-6.85997070198,-5.74414343316
51.68,1,0.96389461253,1.03745781645,1.26212850078,0.736363994428,-6.85866472429,-5.75411873264
51.84,1,0.963272873968,1.03812743722,1.21228873231,0.724431433979,-6.85906028787,-5.7724131369
52,1,0.974865847969,1.02578216488,0.475847666871,0.721932166243,-6.86043820595,-5.77753995658
52.16,1,0.984050137934,1.01620838355,-0.0974396463889,0.877962412825,-6.85482986961,-5.53788625038
52.32,1,0.977158107415,1.02337584104,0.227645397976,0.570334730626,-6.85880640953,-6.00330431359
52.48,1,0.961294068854,1.04026440233,1.21835953746,0.61848029114,-6.85901400924,-5.93129357253
52.64,1,0.960128675573,1.04152706345,1.26286464048,0.742867789998,-6.85865861616,-5.74435693116
52.8,1,0.940722412927,1.06301283594,2.10608869745,0.732237044905,-6.84697758465,-5.74862201729
52.96,1,0.939822864774,1.06403029494,2.63083429788,0.939839421172,-6.83550906943,-5.42574993768
53.12,1,0.937340178787,1.0668485387,2.61968745083,0.673357929206,-6.83578254359,-5.82574564979
53.28,1,0.939571218517,1.06431527519,2.9305997482,0.663905836904,-6.82769930907,-5.83184055372
53.44,1,0.958061425686,1.04377441069,1.38973279902,0.74169965924,-6.85749234496,-5.7449428561
53.6,1,0.964931357506,1.03634314733,1.08605003017,0.875726585781,-6.85990093696,-5.54631105829
53.76,1,0.971244983629,1.02960634737,0.609122117638,0.631842383713,-6.86085073009,-5.91308715452
53.92,1,0.975097176918,1.02553881159,0.612429765491,0.660880798482,-6.86085701601,-5.86953581829
54.08,1,0.960375411875,1.04125947794,1.02288933943,0.616595398906,-6.86023272572,-5.93533962737
54.24,1,0.961637058954,1.03989336797,1.29473480718,0.786012210184,-6.8583868174,-5.67936850212
54.4,1,0.964507134087,1.0367989667,1.00270085001,0.569322830528,-6.86032602914,-6.00634178335
54.56,1,0.961282582159,1.04027683281,1.12190612954,0.798686293468,-6.85968599369,-5.66165655349
54.72,1,0.965353131766,1.03589035669,1.38993378838,0.687216801517,-6.85749032025,-5.82666511797
54.88,1,0.959548348657,1.04215697041,1.22644769497,0.82706360861,-6.85895152884,-5.61835611593
55.04,1,0.949956243946,1.05268006434,1.92551165099,0.644027776107,-6.85022127437,-5.88417961021
55.2,1,0.952094016382,1.05031644228,1.65557631287,0.728307435147,-6.85434205439,-5.76188090167
55.36,1,0.970210877648,1.03070376043,0.712334466049,0.550435210356,-6.86095888638,-6.03530607085
55.52,1,0.98535307981,1.01486464141,-0.127556670893,0.705163950043,-6.85434835416,-5.79660242909
55.68,1,0.985120540481,1.01510420188,-0.313908053266,0.624844662044,-6.85091399075,-5.91364699768
55.84,1,0.983353120724,1.01692868912,-0.048485532514,0.618635005311,-6.85557028691,-5.92761777894
56,1,0.984020641387,1.01623884494,0.0200781201427,0.6213990314,-6.85652084091,-5.92442229381
56.16,1,0.980664133168,1.01971711433,-0.0504209435178,0.774103875273,-6.85554199892,-5.69438618601
56.32,1,0.96455657601,1.03674582173,0.821550490017,0.859665250172,-6.86087958611,-5.57138171085
56.48,1,0.963228722555,1.03817502176,0.95707943281,0.853977230132,-6.86051383783,-5.57954799263
56.64,1,0.961655617705,1.03987329933,1.13693204776,0.654893827053,-6.85959025662,-5.87724951604
56.8,1,0.960446706056,1.04118218501,1.46361281666,0.929428243982,-6.85671105739,-5.46256869142
56.96,1,0.962994875669,1.03842712486,0.853454467467,0.749798586466,-6.86081975443,-5.73612187473
57.12,1,0.962286161761,1.03919191581,1.26087534588,0.633296568507,-6.85867510465,-5.90873025189
57.28,1,0.977442958859,1.0230776036,0.0370469730028,0.744281836589,-6.85674076712,-5.74031801223
57.44,1,0.965800128429,1.0354109205,0.888425555811,0.580466194515,-6.86073546191,-5.99003617014
57.6,1,0.974833536675,1.02581616489,0.374777690581,0.59748593155,-6.85991281887,-5.96368392154
57.76,1,0.978199845399,1.02228599269,-0.0990851615614,0.578850983482,-6.85480407557,-5.98652760034
57.92,1,0.976280128105,1.02429617403,0.377194191652,0.86401604918,-6.85992757376,-5.56390349999
58.08,1,0.975036977195,1.02560212934,0.350351640337,0.720853288642,-6.85975756087,-5.77847762791
58.24,1,0.970589672852,1.0303015043,0.485254834619,0.731172331731,-6.86047765652,-5.76371915892
58.4,1,0.97370186241,1.02700840843,0.496163248825,0.61639864247,-6.86052141398,-5.93592345027
58.56,1,0.98316930586,1.01711881569,-0.0656389957516,0.71915335911,-6.85531675811,-5.77658671944
58.72,1,0.983369315005,1.01691194218,-0.17638792099,0.560408162455,-6.85352488326,-6.01291263958
58.88,1,0.989029520661,1.01109216571,-0.495966852263,0.917756714643,-6.8467637573,-5.47012868534
59.04,1,0.996284877982,1.00372897562,-0.721729303689,0.664827232144,-6.8404393685,-5.84319852028
59.2,1,0.981676067214,1.01866596671,-0.0799108344668,0.620024719165,-6.85510096878,-5.92506389003
59.36,1,0.971561737384,1.02927066961,0.639514827941,0.796344760018,-6.86090141108,-5.66638427105
59.52,1,0.975238013187,1.02539071127,0.438078587659,0.584382099478,-6.86026372373,-5.98369057452
59.68,1,0.965809870695,1.03540047616,0.622935699884,0.91824900518,-6.86087573173,-5.48350222396
59.84,1,0.967369681212,1.03373097113,1.10699003178,0.524832141723,-6.85977772989,-6.07252951731
60,1,0.974751215822,1.02590279834,0.353804625399,0.531663821244,-6.85978018608,-6.06228445422
60.16,1,0.991054075521,1.00902667644,-0.354921063017,0.685733236798,-6.85004958533,-5.82144973013
60.32,1,0.984775511669,1.01545985674,-0.12890915035,0.706269322864,-6.85432626125,-5.79492227696
60.48,1,0.98501422331,1.0152137668,-0.130089349392,0.503201392112,-6.85430694948,-6.09950486132
60.64,1,0.980739512581,1.01963873911,0.0553399059604,0.731094746583,-6.85697112498,-5.76032900511
60.8,1,0.985872822388,1.01432961462,-0.177028144957,0.752948156355,-6.85351373216,-5.72409149763
60.96,1,0.977617418467,1.02289503144,0.0117048450423,0.691521832589,-6.85641009341,-5.81912734452
61.12,1,0.973258429706,1.02747633052,0.369050648489,0.522724571697,-6.85987741608,-6.07579055854
61.28,1,0.965719178359,1.03549771239,0.794215506464,0.754404680926,-6.86091777157,-5.72931075018
61.44,1,0.973467206123,1.02725597094,0.81397307184,0.783934434756,-6.86089138528,-5.68498973314
61.6,1,0.975387226963,1.02523384801,0.372576658122,0.865441855718,-6.85989928505,-5.56173650147
61.76,1,0.962320975067,1.03915432159,0.699866330892,0.737331442021,-6.8609553882,-5.75495822517
61.92,1,0.96174605021,1.03977552056,1.10310482182,0.908662160504,-6.85980108282,-5.49680784206
62.08,1,0.960917871708,1.04067166346,1.05626073166,0.828005051782,-6.8600649151,-5.61805733743
62.24,1,0.963173822816,1.03823419648,0.918993432339,0.689165419598,-6.86064591227,-5.82689778288
62.4,1,0.965264903553,1.03598504029,1.01762056806,0.60327540493,-6.86025767551,-5.95534456811
62.56,1,0.95882276116,1.04294562093,1.4334263819,0.798575448321,-6.8570392208,-5.65917604832
62.72,1,0.957701367806,1.04416682863,1.30135796617,0.541398465269,-6.85832853501,-6.04623083711
62.88,1,0.961451852412,1.04009368487,0.930942261824,0.539072411964,-6.86060691439,-6.05199829644
63.04,1,0.974031663676,1.02666066956,0.603131039724,0.61105964872,-6.86083886368,-5.9442493906
63.2,1,0.971037837177,1.02982598794,0.565765123538,0.636930818202,-6.86075080183,-5.90535457453
63.36,1,0.962906564711,1.03852236203,1.04093656811,0.808187993103,-6.86014406736,-5.6478620777
63.52,1,0.965912476056,1.03529048934,0.860691843922,0.708074630159,-6.8608039092,-5.79869196396
63.68,1,0.966512563644,1.03464769897,0.64916861774,0.857958187409,-6.86091419781,-5.57397691669
63.84,1,0.966760548906,1.03438229987,0.636272450094,0.699723564586,-6.86089675932,-5.81131141244
64,1,0.978327637022,1.02215245911,-0.222640445099,0.806884424645,-6.85269538385,-5.64236874688
64.16,1,0.983149756146,1.01713904087,0.233539845012,0.566651412956,-6.85885873243,-6.008881613
64.32,1,0.989959295811,1.01014254246,-0.535873631726,0.558175870985,-6.84574348629,-6.00847967981
64.48,1,0.99565840984,1.00436052176,-0.546861075625,0.795688010454,-6.84545538506,-5.65192336938
64.64,1,0.998944398713,1.00105671676,-0.89939097411,0.83486836266,-6.83447067263,-5.58216812864
64.8,1,0.997891730603,1.00211272359,-0.914039402798,0.598092593074,-6.83393725453,-5.93679836492
64.96,1,0.990844182462,1.00924042115,-0.626705176911,0.767695238022,-6.84326688976,-5.69172403273
65.12,1,1.00147122529,0.998530936035,-0.976686833373,0.617183027099,-6.831582368,-5.90580782735
65.28,1,1.00564531068,0.994386379948,-1.135679121,0.646916999682,-6.82505135856,-5.85467585904
65.44,1,1.00169092226,0.998311932129,-1.1593694469,0.734066192884,-6.82400757907,-5.72290828975
65.6,1,0.996239423346,1.00377477197,-0.827760875887,0.691178595503,-6.8369871174,-5.80021922415
65.76,1,0.999804958014,1.00019508004,-0.795032970775,0.772773767229,-6.83808692444,-5.6789262736
65.92,1,0.991016755308,1.00906467488,-0.637171194015,0.607194732123,-6.84296748322,-5.93217538504
66.08,1,0.982333695472,1.01798401562,-0.0496382172473,0.579489539328,-6.85555344896,-5.98631913997
66.24,1,0.977136633761,1.02339833085,0.30386906739,0.607401594757,-6.85943111539,-5.94832872326
66.4,1,0.981862616099,1.01847242537,0.0402477573119,0.651345605598,-6.85678157647,-5.87976316807
66.56,1,0.975143072889,1.0254905437,0.373562272748,0.598805784837,-6.8599053566,-5.96169667934
66.72,1,0.973939916618,1.02675738301,0.305454615386,0.592624040621,-6.85944292511,-5.97050686417
66.88,1,0.969521668316,1.03143646262,0.508080278348,0.623816705161,-6.86056678459,-5.92484172685
67.04,1,0.958109601685,1.04372192726,1.32281346112,0.734275921309,-6.85813550638,-5.75672162442
67.2,1,0.94864162345,1.05413886053,2.1303618308,0.632876647901,-6.84651298774,-5.89719801589
67.36,1,0.945498267594,1.05764339743,2.22112649967,0.717894661834,-6.84471717021,-5.76787517746
67.52,1,0.938910501037,1.06506424084,2.48687474049,0.861912248364,-6.83894425345,-5.5460758809
67.68,1,0.930282601387,1.07494217188,3.13950385545,0.83179319351,-6.8217576271,-5.57406783683
67.84,1,0.940654059196,1.06309008102,2.942815637,0.795494391132,-6.82736288369,-5.63412129699
68,1,0.948623773118,1.05415869635,2.05319335292,0.692798678428,-6.84796681129,-5.80876879364
68.16,1,0.940016675466,1.06381091538,2.40139224873,0.434905891178,-6.84088313814,-6.18852430137
68.32,1,0.930559406114,1.07462241898,3.12968274388,0.740480830287,-6.82204580509,-5.71132455966
68.48,1,0.935828974728,1.06857131699,2.83631311038,0.724019035735,-6.83024884537,-5.74422029177
68.64,1,0.941293151451,1.06236829457,2.72337383097,0.655570488265,-6.8331910943,-5.8498353619
68.8,1,0.928682961563,1.07679374059,3.62543590176,0.690294408348,-6.80646287857,-5.77102126605
68.96,1,0.939921112427,1.06391907446,2.39998062472,0.527277966579,-6.84091451335,-6.04999756348
69.12,1,0.942515891145,1.0609900686,3.0473749044,0.840065187747,-6.8244269354,-5.56432915378
69.28,1,0.940882900573,1.06283151643,2.37420440481,0.592464365897,-6.84148371837,-5.95278716953
69.44,1,0.95113894082,1.05137110582,2.15191270596,0.73049033577,-6.84609492661,-5.75035942295
69.6,1,0.951194389714,1.05130981723,1.91404084488,0.744520042382,-6.85041442751,-5.73363436394
69.76,1,0.956843400349,1.0451030959,1.36978388059,0.639189516739,-6.85769054568,-5.89890627057
69.92,1,0.961100627385,1.04047377715,1.17778093244,0.780077702551,-6.85931323357,-5.68919667974
70.08,1,0.955256925845,1.0468387854,1.1263614421,0.665309351127,-6.85965795429,-5.8616939276
70.24,1,0.963998481319,1.03734603257,1.1414893087,0.765138788787,-6.85956056274,-5.71185237956
70.4,1,0.965443944154,1.03579291792,0.771512668242,0.687521362254,-6.86094023507,-5.82965819169
70.56,1,0.965028109623,1.03623924529,1.11625536166,0.739770176477,-6.85972113451,-5.75006586979
70.72,1,0.964055951086,1.0372841938,0.981416361251,0.667575646454,-6.8604176412,-5.85905417152
70.88,1,0.948426557628,1.05437789775,1.95076917791,0.678477858965,-6.84979046877,-5.83207368032
71.04,1,0.939614414393,1.06426634658,2.73031477984,0.702520060373,-6.83301383564,-5.77923374508
71.2,1,0.941788510315,1.06180951355,2.58773813601,0.535008779898,-6.83655947297,-6.03404630313
71.36,1,0.931782040175,1.07321235749,3.16404908697,0.705907406836,-6.82103365325,-5.762172543
71.52,1,0.942868198546,1.06059362437,2.63659336012,0.783267594519,-6.83536729134,-5.66046589957
71.68,1,0.943469694698,1.05991745746,2.43601332214,0.667847553847,-6.84010707537,-5.8383357446
71.84,1,0.956920626051,1.04501875367,1.48478991838,0.754275572278,-6.85647352838,-5.72506016996
72,1,0.960812360233,1.04078594467,1.0387402698,0.567400220579,-6.86015512082,-6.00905478995
72.16,1,0.968879306848,1.03212029913,1.01387698835,0.424480577838,-6.86027514584,-6.22355427908
72.32,1,0.971652957582,1.02917404017,0.38071654663,0.944019565416,-6.85994888641,-5.44391953828
72.48,1,0.981603499025,1.01874127486,0.341374967599,0.737283818478,-6.85969769528,-5.75377196757
72.64,1,0.977389140498,1.02313393772,0.185438036288,0.575543549713,-6.85841182926,-5.99509650469
72.8,1,0.985626437608,1.01458317456,-0.211667730955,0.684838503282,-6.85289657349,-5.82563881857
72.96,1,0.979753218747,1.02066518473,-0.0753051492477,0.6091009098,-6.85517108953,-5.94151972483
73.12,1,0.976010023228,1.02457964181,0.288416091678,0.717452802682,-6.85931350443,-5.78313430041
73.28,1,0.970077354952,1.03084562782,0.693170506156,0.517820275712,-6.86095243395,-6.08422202038
73.44,1,0.981542881475,1.01880418968,0.0179223940444,0.843264001463,-6.85649246947,-5.59159646728
73.6,1,0.971325984599,1.02952048628,0.643097503779,0.715133225955,-6.86090634208,-5.78820650314
73.76,1,0.976333138396,1.02424055957,0.0479968895471,0.570922289034,-6.85687949247,-6.00049605892
73.92,1,0.962600362385,1.03885271508,1.33141504445,0.826375031912,-6.85805631364,-5.61849376577
74.08,1,0.972744839901,1.02801881745,0.512250859974,0.674672671454,-6.86058206454,-5.84857305736
74.24,1,0.965990339388,1.0352070401,0.569572147998,0.591391436054,-6.86076088678,-5.9736737327
74.4,1,0.960611322998,1.0410037609,1.27289197224,0.545172177515,-6.85857464874,-6.04081638247
74.56,1,0.953637146079,1.0486168708,1.67148483862,0.624105122218,-6.85412431623,-5.9179666329
74.72,1,0.961833463477,1.03968102377,0.894846728453,0.852623882134,-6.86071787405,-5.58178205085
74.88,1,0.970669471556,1.03021680325,0.593144473243,0.660384558235,-6.8608177035,-5.87024086615
75.04,1,0.966512957851,1.03464727697,1.18334661842,0.862038320365,-6.85927360369,-5.56621612314
75.2,1,0.964920375465,1.03635494226,1.11461682144,0.618492747216,-6.85973123582,-5.93199211499
75.36,1,0.971867777897,1.02894655296,0.82662940061,0.636825528544,-6.86087115799,-5.90563286518
75.52,1,0.970036779254,1.03088874709,0.711546792726,0.882292090168,-6.86095874236,-5.53752060711
75.68,1,0.976041675037,1.02454641597,0.100793053926,0.683858666885,-6.85751355958,-5.83172555925
75.84,1,0.978137233149,1.02235143098,0.335515275765,0.633098528429,-6.85965779933,-5.91001000669
76,1,0.971122173713,1.02973655331,0.547547470131,0.907942390165,-6.86069902729,-5.49878544204
76.16,1,0.976545666279,1.02401765174,0.283783802605,0.716451408621,-6.85927735884,-5.78460024591
76.32,1,0.972333213495,1.02845401774,0.337342836018,0.669753267162,-6.85967031175,-5.855040411
76.48,1,0.97052125015,1.03037414157,0.44001658774,0.755355988938,-6.8602733069,-5.72723932349
76.64,1,0.980465111915,1.01992410321,0.388859200235,0.772814642934,-6.85999727342,-5.70077530902
76.8,1,0.983793442725,1.01647353659,-0.127458570041,0.796059022595,-6.85434995507,-5.66026142118
76.96,1,0.988243814101,1.01189603793,-0.240853718338,0.78794239118,-6.85235534066,-5.67044175389
77.12,1,0.981071980182,1.01929320193,0.0633251792603,0.567299146685,-6.85706950327,-6.00612078325
77.28,1,0.994848526191,1.00517814891,-0.668215087146,0.608489604315,-6.84206202223,-5.92932761576
77.44,1,1.00082397607,0.999176702308,-0.877823534139,0.765453409898,-6.83524434097,-5.68706422613
77.6,1,0.996245016119,1.00376913693,-0.78129501658,0.866432481343,-6.8385393992,-5.53889067719
77.76,1,0.998866190255,1.00113509673,-0.904928368395,0.592773160842,-6.83426978898,-5.94511004771
77.92,1,0.996609365734,1.00340216978,-0.709398613232,0.571659265721,-6.84082026244,-5.98333136386
78.08,1,1.00763081261,0.992426975723,-1.26599972959,0.745416968417,-6.81907249966,-5.70094704703
78.24,1,0.997059719659,1.00294895108,-0.900336393025,0.804363119961,-6.83443644022,-5.62789176028
78.4,1,1.00272143156,0.997285954528,-0.738784350608,0.579887337538,-6.83990556039,-5.97007455408
78.56,1,0.981042308203,1.01932403082,-0.174890835356,0.660992422992,-6.85355092272,-5.86206228823
78.72,1,0.974720835601,1.02593477381,0.402176189334,0.722932926164,-6.86007376323,-5.77567437398
78.88,1,0.971002817436,1.02986312917,0.521355068779,0.713571886854,-6.86061434516,-5.79025651488
79.04,1,0.974626644954,1.02603392302,0.38614594651,0.765673129765,-6.85998128674,-5.71147159209
79.2,1,0.965567443248,1.03566043676,1.02665910934,0.813256738076,-6.86021461506,-5.64032950794
79.36,1,0.982567847612,1.01774142359,0.131684829861,0.738703581758,-6.85785811164,-5.74980273901
79.52,1,0.978674762579,1.02178991248,-0.0642635962108,0.530334114545,-6.85533732085,-6.05983614903
79.68,1,0.978937196333,1.02151599076,-0.0493005308418,0.590855090444,-6.85555838471,-5.96927574904
79.84,1,0.98530595551,1.01491317941,-0.187884765553,0.904302311543,-6.85332322918,-5.49686976187
