true_pmf_x,true_pmf_y,histogram_pmf_x,histogram_pmf_y,reweighted_pmf_x,reweighted_pmf_y,rdf_x,rdf_y,rdf_pmf_x,rdf_pmf_y,argon_rdf_x,argon_rdf_y,argon_rdf_pmf_x,argon_rdf_pmf_y,argon_rdf_pmf_block_sem_x,argon_rdf_pmf_block_sem_y,argon_rdf_pmf_replica_std_x,argon_rdf_pmf_replica_std_y
-2.5,27.5625,-2.45,nan,-2.45,nan,0.5,1.00031452868,0.5,1.70508661817,0.02,0,0.02,nan,0.02,nan,0.02,nan
-2.49375,27.2357592789,-2.35,nan,-2.35,nan,0.51129707113,1.00042720409,0.51129707113,1.70497398453,0.06,0,0.06,nan,0.06,nan,0.06,nan
-2.4875,26.9117773682,-2.25,nan,-2.25,nan,0.522594142259,1.00057737774,0.522594142259,1.70482388628,0.1,0,0.1,nan,0.1,nan,0.1,nan
-2.48125,26.5905396744,-2.15,nan,-2.15,nan,0.533891213389,1.00077648268,0.533891213389,1.70462491602,0.14,0,0.14,nan,0.14,nan,0.14,nan
-2.475,26.2720316406,-2.05,nan,-2.05,nan,0.545188284519,1.0010390792,0.545188284519,1.70436255766,0.18,0,0.18,nan,0.18,nan,0.18,nan
-2.46875,25.9562387466,-1.95,nan,-1.95,nan,0.556485355649,1.00138359518,0.556485355649,1.70401845849,0.22,0,0.22,nan,0.22,nan,0.22,nan
-2.4625,25.6431465088,-1.85,6.43294009274,-1.85,nan,0.567782426778,1.0018332074,0.567782426778,1.70356956827,0.26,0,0.26,nan,0.26,nan,0.26,nan
-2.45625,25.33274048,-1.75,4.13035499975,-1.75,nan,0.579079497908,1.00241688069,0.579079497908,1.70298713266,0.3,0,0.3,nan,0.3,nan,0.3,nan
-2.45,25.02500625,-1.65,3.10073558256,-1.65,nan,0.590376569038,1.00317058168,0.590376569038,1.7022355314,0.34,0,0.34,nan,0.34,nan,0.34,nan
-2.44375,24.7199294449,-1.55,2.01409948494,-1.55,nan,0.601673640167,1.0041386817,0.601673640167,1.70127095648,0.38,0,0.38,nan,0.38,nan,0.38,nan
-2.4375,24.4174957275,-1.45,1.17544472071,-1.45,1.0942032287,0.612970711297,1.00537556112,0.612970711297,1.70003993303,0.42,0,0.42,nan,0.42,nan,0.42,nan
-2.43125,24.1176907974,-1.35,0.752767483722,-1.35,0.350001759171,0.624267782427,1.00694742288,0.624267782427,1.69847769666,0.46,0,0.46,nan,0.46,nan,0.46,nan
-2.425,23.8205003906,-1.25,0.301713603256,-1.25,1.31359622849,0.635564853556,1.00893431704,0.635564853556,1.69650645522,0.5,0,0.5,nan,0.5,nan,0.5,nan
-2.41875,23.5259102798,-1.15,0.179111281164,-1.15,0.191163459257,0.646861924686,1.01143237059,0.646861924686,1.69403358252,0.54,0,0.54,nan,0.54,nan,0.54,nan
-2.4125,23.2339062744,-1.05,0.0596203031622,-1.05,0,0.658158995816,1.01455620658,0.658158995816,1.69094981541,0.58,0,0.58,nan,0.58,nan,0.58,nan
-2.40625,22.9444742203,-0.95,0,-0.95,0.0332629485898,0.669456066946,1.01844152508,0.669456066946,1.68712755514,0.62,0,0.62,nan,0.62,nan,0.62,nan
-2.4,22.6576,-0.85,0.0873037319106,-0.85,0.189826144851,0.680753138075,1.02324780365,0.680753138075,1.68241940745,0.66,0,0.66,nan,0.66,nan,0.66,nan
-2.39375,22.3732695328,-0.75,0.156296603398,-0.75,0.697162805545,0.692050209205,1.02916105936,0.692050209205,1.67665713252,0.7,0,0.7,nan,0.7,nan,0.7,nan
-2.3875,22.0914687744,-0.65,0.339370322694,-0.65,0.507163804639,0.703347280335,1.03639659601,0.703347280335,1.66965121212,0.74,0,0.74,nan,0.74,nan,0.74,nan
-2.38125,21.8121837173,-0.55,0.516738030132,-0.55,0.574188235556,0.714644351464,1.0452016406,0.714644351464,1.66119127307,0.78,0,0.78,nan,0.78,nan,0.78,nan
-2.375,21.5354003906,-0.45,0.646042711372,-0.45,0.733387059298,0.725941422594,1.05585775314,0.725941422594,1.65104762464,0.82,0,0.82,nan,0.82,nan,0.82,nan
-2.36875,21.2611048599,-0.35,0.838228713137,-0.35,0.920280539394,0.737238493724,1.06868287341,0.737238493724,1.6389741666,0.86,0,0.86,nan,0.86,nan,0.86,nan
-2.3625,20.9892832275,-0.25,0.805318979049,-0.25,0.961998781127,0.748535564854,1.08403284907,0.748535564854,1.62471289127,0.9,0,0.9,nan,0.9,nan,0.9,nan
-2.35625,20.7199216324,-0.15,1.03931254639,-0.15,1.02637392943,0.759832635983,1.10230227268,0.759832635983,1.60800012965,0.94,0.0354701658363,0.94,nan,0.94,nan,0.94,nan
-2.35,20.45300625,-0.05,0.935771867446,-0.05,1.23748576235,0.771129707113,1.12392444161,0.771129707113,1.58857457095,0.98,0.397652894814,0.98,1.41700023005,0.98,0.0425921485007,0.98,0.115653660013
-2.34375,20.1885232925,0.05,1.05766168506,0.05,1.16786821733,0.782426778243,1.14937024676,0.782426778243,1.56618691652,1.02,1.33554597935,1.02,0.568939058505,1.02,0.0181191691539,1.02,0.056717197707
-2.3375,19.9264590088,0.15,0.952301169397,0.15,1.15797164354,0.793723849372,1.17914579437,0.793723849372,1.54061082413,1.06,2.42476981602,1.06,0.151461566526,1.06,0.0120407803715,1.06,0.0129915776753
-2.33125,19.6667996841,0.25,0.944002366582,0.25,1.00556591247,0.805020920502,1.21378857185,0.805020920502,1.5116545782,1.1,3.01051230454,1.1,0,1.1,0.0116985333195,1.1,0.013187030895
-2.325,19.4095316406,0.35,0.706092345152,0.35,1.01263192704,0.816317991632,1.25386198483,0.816317991632,1.47917272119,1.14,2.90301844359,1.14,0.0254514587702,1.14,0.019449075478,1.14,0.0158218906793
-2.31875,19.1546412369,0.45,0.558009361887,0.45,0.813181695506,0.827615062762,1.29994811997,0.827615062762,1.44307674143,1.18,2.48278884132,1.18,0.134909462778,1.18,0.0178719457913,1.18,0.0253906629912
-2.3125,18.9021148682,0.55,0.474515399709,0.55,0.62957899411,0.838912133891,1.35263862677,0.838912133891,1.40334387422,1.22,2.00367016266,1.22,0.284990779458,1.22,0.0473815327553,1.22,0.00298625249808
-2.30625,18.6519389664,0.65,0.359895558639,0.65,0.487376038779,0.850209205021,1.4125236626,0.850209205021,1.36002316121,1.26,1.64083904242,1.26,0.42483178002,1.26,0.0330149595719,1.26,0.023503928703
-2.3,18.4041,0.75,0.179111281164,0.75,0.37727566542,0.861506276151,1.48017890834,0.861506276151,1.31323813291,1.3,1.27078316402,1.3,0.603733823092,1.3,0.0224611044682,1.3,0.040944089941
-2.29375,18.1585844742,0.85,0.132154298076,0.85,0.213426196674,0.87280334728,1.55615073584,0.87280334728,1.2631858024,1.34,0.992401076392,1.34,0.776816745357,1.34,0.0257148203755,1.34,0.0262597676085
-2.2875,17.9153789307,0.95,0.0750978262311,0.95,0.169107796282,0.88410041841,1.64093969172,0.88410041841,1.21013203689,1.38,0.718087560528,1.38,1.00329182233,1.38,0.0113566606701,1.38,0.0278858125206
-2.28125,17.6744699478,1.05,0.0260601066699,1.05,0.151018803855,0.89539748954,1.73498255306,0.89539748954,1.15440373992,1.42,0.583209690097,1.42,1.14892312371,1.42,0.0285846512474,1.42,0.0195976574513
-2.275,17.4358441406,1.15,0.135830772805,1.15,0.243630470435,0.906694560669,1.8386333043,0.906694560669,1.09637857117,1.46,0.490151486871,1.46,1.27060573073,1.46,0.0279024881714,1.46,0.0369299976902
-2.26875,17.1994881607,1.25,0.429053025633,1.25,0.517039357379,0.917991631799,1.95214347963,0.917991631799,1.03647310819,1.5,0.465392066237,1.5,1.3068897384,1.5,0.0314324319999,1.5,0.0258994919717
-2.2625,16.9653886963,1.35,0.776948281919,1.35,0.826852967063,0.929288702929,2.07564240458,0.929288702929,0.975130399054,1.54,0.471390820224,1.54,1.29792461906,1.54,0.0407898851367,1.54,0.0261432364942
-2.25625,16.7335324722,1.45,1.28544561593,1.45,1.29228103681,0.940585774059,2.20911795104,0.940585774059,0.912807778709,1.58,0.50084002136,1.58,1.25550516886,1.58,0.0190539576993,1.58,0.0190049988313
-2.25,16.50390625,1.55,2.08913467089,1.55,2.06538025974,0.951882845188,2.35239848549,0.951882845188,0.849965657603,1.62,0.538343131479,1.62,1.20495857747,1.62,0.0237556883967,1.62,0.0188102399205
-2.24375,16.2764968277,1.65,3.21406426787,1.65,3.2304332794,0.963179916318,2.50513673603,0.963179916318,0.787057779102,1.66,0.566216825285,1.66,1.169621919,1.66,0.0204830068075,1.66,0.0414837221048
-2.2375,16.05129104,1.75,3.94803344295,1.75,5.22065881733,0.974476987448,2.66679632479,0.974476987448,0.724523223767,1.7,nan,1.7,nan,1.7,nan,1.7,nan
-2.23125,15.8282757584,1.85,5.73979291218,1.85,5.76075002486,0.985774058577,2.83664170481,0.985774058577,0.66278024323,1.74,nan,1.74,nan,1.74,nan,1.74,nan
-2.225,15.6074378906,1.95,nan,1.95,nan,0.997071129707,3.01373220098,0.997071129707,0.602221852835,1.78,nan,1.78,nan,1.78,nan,1.78,nan
-2.21875,15.3887643814,2.05,nan,2.05,nan,1.00836820084,3.19692078136,1.00836820084,0.543213006676,1.82,nan,1.82,nan,1.82,nan,1.82,nan
-2.2125,15.1722422119,2.15,nan,2.15,nan,1.01966527197,3.38485807815,1.01966527197,0.486089118599,1.86,nan,1.86,nan,1.86,nan,1.86,nan
-2.20625,14.9578584,2.25,nan,2.25,nan,1.0309623431,3.57600203801,1.0309623431,0.43115567017,1.9,nan,1.9,nan,1.9,nan,1.9,nan
-2.2,14.7456,2.35,nan,2.35,nan,1.04225941423,3.76863341271,1.04225941423,0.378688651647,1.94,nan,1.94,nan,1.94,nan,1.94,nan
-2.19375,14.5354541031,2.45,nan,2.45,nan,1.05355648536,3.96087710828,1.05355648536,0.328935604662,1.98,nan,1.98,nan,1.98,nan,1.98,nan
-2.1875,14.3274078369,,,,,1.06485355649,4.15072920092,1.06485355649,0.282117067521,2.02,nan,2.02,nan,2.02,nan,2.02,nan
-2.18125,14.1214483658,,,,,1.07615062762,4.33608920904,1.07615062762,0.238428259426,2.06,nan,2.06,nan,2.06,nan,2.06,nan
-2.175,13.9175628906,,,,,1.08744769874,4.51479699281,1.08744769874,0.198040874367,2.1,nan,2.1,nan,2.1,nan,2.1,nan
-2.16875,13.715738649,,,,,1.09874476987,4.68467344457,1.09874476987,0.161104886464,2.14,nan,2.14,nan,2.14,nan,2.14,nan
-2.1625,13.515962915,,,,,1.110041841,4.84356394715,1.110041841,0.127750294922,2.18,nan,2.18,nan,2.18,nan,2.18,nan
-2.15625,13.3182229996,,,,,1.12133891213,4.98938342097,1.12133891213,0.0980887581954,2.22,nan,2.22,nan,2.22,nan,2.22,nan
-2.15,13.12250625,,,,,1.13263598326,5.1201616646,1.13263598326,0.0722150837232,2.26,nan,2.26,nan,2.26,nan,2.26,nan
-2.14375,12.9288000504,,,,,1.14393305439,5.23408762386,1.14393305439,0.0502085521442,2.3,nan,2.3,nan,2.3,nan,2.3,nan
-2.1375,12.7370918213,,,,,1.15523012552,5.32955120765,1.15523012552,0.0321340639512,2.34,nan,2.34,nan,2.34,nan,2.34,nan
-2.13125,12.5473690201,,,,,1.16652719665,5.40518130621,1.16652719665,0.0180431026998,2.38,nan,2.38,nan,2.38,nan,2.38,nan
-2.125,12.3596191406,,,,,1.17782426778,5.45987876118,1.17782426778,0.00797451279471,2.42,nan,2.42,nan,2.42,nan,2.42,nan
-2.11875,12.1738297134,,,,,1.18912133891,5.49284318255,1.18912133891,0.00195509203725,2.46,nan,2.46,nan,2.46,nan,2.46,nan
-2.1125,11.9899883057,,,,,1.20041841004,5.50359270125,1.20041841004,0,2.5,nan,2.5,nan,2.5,nan,2.5,nan
-2.10625,11.8080825211,,,,,1.21171548117,5.49197597934,1.21171548117,0.00211298325104,2.54,nan,2.54,nan,2.54,nan,2.54,nan
-2.1,11.6281,,,,,1.2230125523,5.45817606319,1.2230125523,0.0082864178052,2.58,nan,2.58,nan,2.58,nan,2.58,nan
-2.09375,11.4500284195,,,,,1.23430962343,5.40270594619,1.23430962343,0.0185011681852,2.62,nan,2.62,nan,2.62,nan,2.62,nan
-2.0875,11.2738554932,,,,,1.24560669456,5.32639599549,1.24560669456,0.0327262613779,2.66,nan,2.66,nan,2.66,nan,2.66,nan
-2.08125,11.0995689713,,,,,1.25690376569,5.23037367758,1.25690376569,0.050918373,2.7,nan,2.7,nan,2.7,nan,2.7,nan
-2.075,10.9271566406,,,,,1.26820083682,5.11603627911,1.26820083682,0.0730211223969,2.74,nan,2.74,nan,2.74,nan,2.74,nan
-2.06875,10.7566063248,,,,,1.27949790795,4.98501754976,1.27949790795,0.0989641734716,2.78,nan,2.78,nan,2.78,nan,2.78,nan
-2.0625,10.5879058838,,,,,1.29079497908,4.83914938445,1.29079497908,0.128662139125,2.82,nan,2.82,nan,2.82,nan,2.82,nan
-2.05625,10.4210432144,,,,,1.30209205021,4.68041980432,1.30209205021,0.162013289708,2.86,nan,2.86,nan,2.86,nan,2.86,nan
-2.05,10.25600625,,,,,1.31338912134,4.51092858516,1.31338912134,0.198898070357,2.9,nan,2.9,nan,2.9,nan,2.9,nan
-2.04375,10.0927829605,,,,,1.32468619247,4.33284191562,1.32468619247,0.239177439117,2.94,nan,2.94,nan,2.94,nan,2.94,nan
-2.0375,9.93136135254,,,,,1.3359832636,4.14834744658,1.3359832636,0.282691048099,2.98,nan,2.98,nan,2.98,nan,2.98,nan
-2.03125,9.7717294693,,,,,1.34728033473,3.95961101972,1.34728033473,0.329255304295,,,,,,,,
-2.025,9.61387539062,,,,,1.35857740586,3.76873624395,1.35857740586,0.378661365936,,,,,,,,
-2.01875,9.45778723297,,,,,1.36987447699,3.57772792969,1.36987447699,0.430673154972,,,,,,,,
-2.0125,9.30345314941,,,,,1.38117154812,3.38846020248,1.38117154812,0.485025496745,,,,,,,,
-2.00625,9.15086132965,,,,,1.39246861925,3.20264990867,1.39246861925,0.541422533812,,,,,,,,
-2,9,,,,,1.40376569038,3.02183570709,1.40376569038,0.599536600643,,,,,,,,
-1.99375,8.8508574234,,,,,1.41506276151,2.84736302256,1.41506276151,0.659007786666,,,,,,,,
-1.9875,8.70342189941,,,,,1.42635983264,2.68037482762,1.42635983264,0.719444451597,,,,,,,,
-1.98125,8.55768176422,,,,,1.43765690377,2.52180802807,1.43765690377,0.780424981672,,,,,,,,
-1.975,8.41362539063,,,,,1.4489539749,2.37239506108,1.4489539749,0.841501078236,,,,,,,,
-1.96875,8.27124118805,,,,,1.46025104603,2.23267017722,1.46025104603,0.902202839331,,,,,,,,
-1.9625,8.13051760254,,,,,1.47154811715,2.10297977335,1.47154811715,0.962045818718,,,,,,,,
-1.95625,7.99144311676,,,,,1.48284518828,1.98349607249,1.48284518828,1.02054011651,,,,,,,,
-1.95,7.85400625,,,,,1.49414225941,1.87423340994,1.49414225941,1.0772013696,,,,,,,,
-1.94375,7.71819555817,,,,,1.50543933054,1.77506637922,1.50543933054,1.13156327842,,,,,,,,
-1.9375,7.58399963379,,,,,1.51673640167,1.68574911498,1.51673640167,1.18319105376,,,,,,,,
-1.93125,7.45140710602,,,,,1.5280334728,1.60593503703,1.5280334728,1.23169493285,,,,,,,,
-1.925,7.32040664062,,,,,1.53933054393,1.53519644667,1.53933054393,1.27674274625,,,,,,,,
-1.91875,7.19098694,,,,,1.55062761506,1.47304344785,1.55062761506,1.31807046418,,,,,,,,
-1.9125,7.06313674316,,,,,1.56192468619,1.41894175582,1.56192468619,1.35548974599,,,,,,,,
-1.90625,6.93684482574,,,,,1.57322175732,1.37232905073,1.57322175732,1.38889176395,,,,,,,,
-1.9,6.8121,,,,,1.58451882845,1.33262962762,1.58451882845,1.41824694355,,,,,,,,
-1.89375,6.68889111481,,,,,1.59581589958,1.29926718466,1.59581589958,1.44360069597,,,,,,,,
-1.8875,6.56720705566,,,,,1.60711297071,1.27167567426,1.60711297071,1.46506563805,,,,,,,,
-1.88125,6.44703674469,,,,,1.61841004184,1.24930821483,1.61841004184,1.48281112741,,,,,,,,
-1.875,6.32836914062,,,,,1.62970711297,1.23164412321,1.62970711297,1.49705113504,,,,,,,,
-1.86875,6.21119323883,,,,,1.6410041841,1.21819417793,1.6410041841,1.50803151723,,,,,,,,
-1.8625,6.09549807129,,,,,1.65230125523,1.20850426135,1.65230125523,1.51601765009,,,,,,,,
-1.85625,5.9812727066,,,,,1.66359832636,1.20215755533,1.66359832636,1.52128319223,,,,,,,,
-1.85,5.86850625,,,,,1.67489539749,1.19877548039,1.67489539749,1.52410049461,,,,,,,,
-1.84375,5.75718784332,,,,,1.68619246862,1.19801757467,1.68619246862,1.5247329278,,,,,,,,
-1.8375,5.64730666504,,,,,1.69748953975,1.19958050673,1.69748953975,1.52342917944,,,,,,,,
-1.83125,5.53885193024,,,,,1.70878661088,1.20319640753,1.70878661088,1.52041940895,,,,,,,,
-1.825,5.43181289062,,,,,1.72008368201,1.20863069369,1.72008368201,1.5159130367,,,,,,,,
-1.81875,5.32617883453,,,,,1.73138075314,1.21567953638,1.73138075314,1.51009788774,,,,,,,,
-1.8125,5.22193908691,,,,,1.74267782427,1.22416711144,1.74267782427,1.50314039367,,,,,,,,
-1.80625,5.11908300934,,,,,1.7539748954,1.23394274582,1.7539748954,1.49518657021,,,,,,,,
-1.8,5.0176,,,,,1.76527196653,1.24487805517,1.76527196653,1.48636351993,,,,,,,,
-1.79375,4.91747949371,,,,,1.77656903766,1.25686414827,1.77656903766,1.47678124978,,,,,,,,
-1.7875,4.81871096191,,,,,1.78786610879,1.26980895584,1.78786610879,1.46653463671,,,,,,,,
-1.78125,4.72128391266,,,,,1.79916317992,1.28363472539,1.79916317992,1.45570541438,,,,,,,,
-1.775,4.62518789062,,,,,1.81046025105,1.29827570954,1.81046025105,1.44436409062,,,,,,,,
-1.76875,4.53041247711,,,,,1.82175732218,1.31367606363,1.82175732218,1.43257173464,,,,,,,,
-1.7625,4.43694729004,,,,,1.83305439331,1.32978795862,1.83305439331,1.42038159748,,,,,,,,
-1.75625,4.34478198395,,,,,1.84435146444,1.34656990768,1.84435146444,1.4078405474,,,,,,,,
-1.75,4.25390625,,,,,1.85564853556,1.36398529905,1.85564853556,1.39499031585,,,,,,,,
-1.74375,4.16430981598,,,,,1.86694560669,1.38200112377,1.86694560669,1.3818685589,,,,,,,,
-1.7375,4.07598244629,,,,,1.87824267782,1.40058688392,1.87824267782,1.36850974582,,,,,,,,
-1.73125,3.98891394196,,,,,1.88953974895,1.41971366574,1.88953974895,1.35494588996,,,,,,,,
-1.725,3.90309414063,,,,,1.90083682008,1.43935336124,1.90083682008,1.34120713936,,,,,,,,
-1.71875,3.81851291656,,,,,1.91213389121,1.45947802205,1.91213389121,1.32732224474,,,,,,,,
-1.7125,3.73516018066,,,,,1.92343096234,1.48005933,1.92343096234,1.31331892259,,,,,,,,
-1.70625,3.65302588043,,,,,1.93472803347,1.50106816983,1.93472803347,1.2992241295,,,,,,,,
-1.7,3.5721,,,,,1.9460251046,1.52247429095,1.9460251046,1.28506426301,,,,,,,,
-1.69375,3.49237256012,,,,,1.95732217573,1.54424604609,1.95732217573,1.27086530221,,,,,,,,
-1.6875,3.41383361816,,,,,1.96861924686,1.56635019658,1.96861924686,1.25665289993,,,,,,,,
-1.68125,3.33647326813,,,,,1.97991631799,1.58875177501,1.97991631799,1.24245243663,,,,,,,,
-1.675,3.26028164062,,,,,1.99121338912,1.61141399749,1.99121338912,1.22828904453,,,,,,,,
-1.66875,3.18524890289,,,,,2.00251046025,1.63429821877,2.00251046025,1.21418760918,,,,,,,,
-1.6625,3.11136525879,,,,,2.01380753138,1.65736392465,2.01380753138,1.20017275443,,,,,,,,
-1.65625,3.03862094879,,,,,2.02510460251,1.68056875694,2.02510460251,1.18626881547,,,,,,,,
-1.65,2.96700625,,,,,2.03640167364,1.7038685669,2.03640167364,1.17249980406,,,,,,,,
-1.64375,2.89651147614,,,,,2.04769874477,1.72721749399,2.04769874477,1.1588893687,,,,,,,,
-1.6375,2.82712697754,,,,,2.0589958159,1.75056806704,2.0589958159,1.1454607524,,,,,,,,
-1.63125,2.75884314117,,,,,2.07029288703,1.77387132538,2.07029288703,1.13223674974,,,,,,,,
-1.625,2.69165039062,,,,,2.08158995816,1.79707695807,2.08158995816,1.11923966465,,,,,,,,
-1.61875,2.6255391861,,,,,2.09288702929,1.82013345914,2.09288702929,1.10649126979,,,,,,,,
-1.6125,2.56050002441,,,,,2.10418410042,1.84298829742,2.10418410042,1.09401276847,,,,,,,,
-1.60625,2.49652343903,,,,,2.11548117155,1.86558809929,2.11548117155,1.08182475927,,,,,,,,
-1.6,2.4336,,,,,2.12677824268,1.88787884291,2.12677824268,1.06994720391,,,,,,,,
-1.59375,2.37172031403,,,,,2.13807531381,1.90980606269,2.13807531381,1.05839939835,,,,,,,,
-1.5875,2.31087502441,,,,,2.14937238494,1.93131506231,2.14937238494,1.04719994708,,,,,,,,
-1.58125,2.2510548111,,,,,2.16066945607,1.95235113514,2.16066945607,1.03636674077,,,,,,,,
-1.575,2.19225039062,,,,,2.1719665272,1.97285979063,2.1719665272,1.02591693693,,,,,,,,
-1.56875,2.13445251617,,,,,2.18326359833,1.9927869851,2.18326359833,1.01586694341,,,,,,,,
-1.5625,2.07765197754,,,,,2.19456066946,2.0120793556,2.19456066946,1.00623240478,,,,,,,,
-1.55625,2.02183960114,,,,,2.20585774059,2.03068445535,2.20585774059,0.997028191044,,,,,,,,
-1.55,1.96700625,,,,,2.21715481172,2.04855098928,2.21715481172,0.988268388665,,,,,,,,
-1.54375,1.91314282379,,,,,2.22845188285,2.06562904804,2.22845188285,0.97996629362,,,,,,,,
-1.5375,1.86024025879,,,,,2.23974895397,2.08187033916,2.23974895397,0.972134406202,,,,,,,,
-1.53125,1.80828952789,,,,,2.2510460251,2.09722841368,2.2510460251,0.96478442738,,,,,,,,
-1.525,1.75728164062,,,,,2.26234309623,2.1116588869,2.26234309623,0.957927256478,,,,,,,,
-1.51875,1.70720764313,,,,,2.27364016736,2.1251196516,2.27364016736,0.951572989968,,,,,,,,
-1.5125,1.65805861816,,,,,2.28493723849,2.13757108246,2.28493723849,0.945730921165,,,,,,,,
-1.50625,1.60982568512,,,,,2.29623430962,2.14897623022,2.29623430962,0.940409540648,,,,,,,,
-1.5,1.5625,,,,,2.30753138075,2.15930100422,2.30753138075,0.935616537228,,,,,,,,
-1.49375,1.51607275543,,,,,2.31882845188,2.16851434206,2.31882845188,0.931358799304,,,,,,,,
-1.4875,1.47053518066,,,,,2.33012552301,2.17658836531,2.33012552301,0.927642416477,,,,,,,,
-1.48125,1.42587854156,,,,,2.34142259414,2.18349851998,2.34142259414,0.924472681269,,,,,,,,
-1.475,1.38209414062,,,,,2.35271966527,2.18922370095,2.35271966527,0.921854090859,,,,,,,,
-1.46875,1.33917331696,,,,,2.3640167364,2.19374635932,2.3640167364,0.919790348731,,,,,,,,
-1.4625,1.29710744629,,,,,2.37531380753,2.19705259208,2.37531380753,0.918284366141,,,,,,,,
-1.45625,1.25588794098,,,,,2.38661087866,2.19913221329,2.38661087866,0.91733826335,,,,,,,,
-1.45,1.21550625,,,,,2.39790794979,2.19997880633,2.39790794979,0.916953370563,,,,,,,,
-1.44375,1.17595385895,,,,,2.40920502092,2.19958975695,2.40920502092,0.917130228532,,,,,,,,
-1.4375,1.13722229004,,,,,2.42050209205,2.19796626668,2.42050209205,0.91786858881,,,,,,,,
-1.43125,1.09930310211,,,,,2.43179916318,2.19511334664,2.43179916318,0.919167413636,,,,,,,,
-1.425,1.06218789063,,,,,2.44309623431,2.19103979182,2.44309623431,0.921024875455,,,,,,,,
-1.41875,1.02586828766,,,,,2.45439330544,2.18575813584,2.45439330544,0.923438356102,,,,,,,,
-1.4125,0.990335961914,,,,,2.46569037657,2.17928458674,2.46569037657,0.926404445673,,,,,,,,
-1.40625,0.955582618713,,,,,2.4769874477,2.1716389441,2.4769874477,0.929918941135,,,,,,,,
-1.4,0.9216,,,,,2.48828451883,2.16284449817,2.48828451883,0.933976844742,,,,,,,,
-1.39375,0.888379884338,,,,,2.49958158996,2.15292791164,2.49958158996,0.938572362319,,,,,,,,
-1.3875,0.855914086914,,,,,2.51087866109,2.141919085,2.51087866109,0.943698901523,,,,,,,,
-1.38125,0.824194459534,,,,,2.52217573222,2.12985100636,2.52217573222,0.949349070182,,,,,,,,
-1.375,0.793212890625,,,,,2.53347280335,2.11675958682,2.53347280335,0.955514674833,,,,,,,,
-1.36875,0.762961305237,,,,,2.54476987448,2.10268348254,2.54476987448,0.962186719589,,,,,,,,
-1.3625,0.733431665039,,,,,2.55606694561,2.08766390469,2.55606694561,0.969355405517,,,,,,,,
-1.35625,0.704615968323,,,,,2.56736401674,2.0717444187,2.56736401674,0.977010130651,,,,,,,,
-1.35,0.67650625,,,,,2.57866108787,2.05497073407,2.57866108787,0.985139490873,,,,,,,,
-1.34375,0.649094581604,,,,,2.589958159,2.03739048618,2.589958159,0.993731281817,,,,,,,,
-1.3375,0.622373071289,,,,,2.60125523013,2.01905301159,2.60125523013,1.00277250205,,,,,,,,
-1.33125,0.596333863831,,,,,2.61255230126,2.0000091183,2.61255230126,1.01224935769,,,,,,,,
-1.325,0.570969140625,,,,,2.62384937238,1.9803108524,2.62384937238,1.02214726885,,,,,,,,
-1.31875,0.54627111969,,,,,2.63514644351,1.96001126272,2.63514644351,1.03245087788,,,,,,,,
-1.3125,0.522232055664,,,,,2.64644351464,1.93916416481,2.64644351464,1.04314406004,,,,,,,,
-1.30625,0.498844239807,,,,,2.65774058577,1.91782390583,2.65774058577,1.0542099365,,,,,,,,
-1.3,0.4761,,,,,2.6690376569,1.89604513172,2.6690376569,1.06563089019,,,,,,,,
-1.29375,0.453991700745,,,,,2.68033472803,1.87388255796,2.68033472803,1.07738858472,,,,,,,,
-1.2875,0.432511743164,,,,,2.69163179916,1.85139074541,2.69163179916,1.08946398645,,,,,,,,
-1.28125,0.411652565002,,,,,2.70292887029,1.82862388224,2.70292887029,1.10183739034,,,,,,,,
-1.275,0.391406640625,,,,,2.71422594142,1.80563557334,2.71422594142,1.11448844939,,,,,,,,
-1.26875,0.371766481018,,,,,2.72552301255,1.7824786382,2.72552301255,1.12739620834,,,,,,,,
-1.2625,0.352724633789,,,,,2.73682008368,1.75920491826,2.73682008368,1.1405391414,,,,,,,,
-1.25625,0.334273683167,,,,,2.74811715481,1.73586509463,2.74811715481,1.15389519464,,,,,,,,
-1.25,0.31640625,,,,,2.75941422594,1.71250851712,2.75941422594,1.16744183275,,,,,,,,
-1.24375,0.29911499176,,,,,2.77071129707,1.6891830451,2.77071129707,1.1811560906,,,,,,,,
-1.2375,0.282392602539,,,,,2.7820083682,1.66593490087,2.7820083682,1.19501462952,,,,,,,,
-1.23125,0.266231813049,,,,,2.79330543933,1.64280853614,2.79330543933,1.20899379822,,,,,,,,
-1.225,0.250625390625,,,,,2.80460251046,1.61984651175,2.80460251046,1.22306969847,,,,,,,,
-1.21875,0.235566139221,,,,,2.81589958159,1.59708939123,2.81589958159,1.23721825526,,,,,,,,
-1.2125,0.221046899414,,,,,2.82719665272,1.57457564809,2.82719665272,1.2514152912,,,,,,,,
-1.20625,0.207060548401,,,,,2.83849372385,1.55234158707,2.83849372385,1.26563660509,,,,,,,,
-1.2,0.1936,,,,,2.84979079498,1.53042127924,2.84979079498,1.27985805398,,,,,,,,
-1.19375,0.180658204651,,,,,2.86108786611,1.50884651091,2.86108786611,1.29405563854,,,,,,,,
-1.1875,0.168228149414,,,,,2.87238493724,1.48764674599,2.87238493724,1.30820559106,,,,,,,,
-1.18125,0.156302857971,,,,,2.88368200837,1.4668491016,2.88368200837,1.32228446542,,,,,,,,
-1.175,0.144875390625,,,,,2.8949790795,1.44647833654,2.8949790795,1.33626922854,,,,,,,,
-1.16875,0.133938844299,,,,,2.90627615063,1.4265568521,2.90627615063,1.35013735226,,,,,,,,
-1.1625,0.123486352539,,,,,2.91757322176,1.40710470465,2.91757322176,1.36386690508,,,,,,,,
-1.15625,0.11351108551,,,,,2.92887029289,1.38813962956,2.92887029289,1.3774366427,,,,,,,,
-1.15,0.10400625,,,,,2.94016736402,1.36967707566,2.94016736402,1.39082609654,,,,,,,,
-1.14375,0.0949650894165,,,,,2.95146443515,1.35173024961,2.95146443515,1.40401565919,,,,,,,,
-1.1375,0.0863808837891,,,,,2.96276150628,1.33431016947,2.96276150628,1.41698666608,,,,,,,,
-1.13125,0.0782469497681,,,,,2.97405857741,1.31742572662,2.97405857741,1.42972147203,,,,,,,,
-1.125,0.070556640625,,,,,2.98535564854,1.30108375541,2.98535564854,1.44220352222,,,,,,,,
-1.11875,0.0633033462524,,,,,2.99665271967,1.28528910956,2.99665271967,1.45441741637,,,,,,,,
-1.1125,0.0564804931641,,,,,3.00794979079,1.27004474466,3.00794979079,1.46634896553,,,,,,,,
-1.10625,0.0500815444946,,,,,3.01924686192,1.25535180584,3.01924686192,1.47798524071,,,,,,,,
-1.1,0.0441,,,,,3.03054393305,1.24120971992,3.03054393305,1.48931461277,,,,,,,,
-1.09375,0.0385293960571,,,,,3.04184100418,1.22761629112,3.04184100418,1.50032678301,,,,,,,,
-1.0875,0.0333633056641,,,,,3.05313807531,1.21456779974,3.05313807531,1.51101280426,,,,,,,,
-1.08125,0.0285953384399,,,,,3.06443514644,1.20205910285,3.06443514644,1.52136509206,,,,,,,,
-1.075,0.024219140625,,,,,3.07573221757,1.19008373641,3.07573221757,1.53137742601,,,,,,,,
-1.06875,0.0202283950806,,,,,3.0870292887,1.17863401813,3.0870292887,1.54104494122,,,,,,,,
-1.0625,0.0166168212891,,,,,3.09832635983,1.16770115027,3.09832635983,1.55036411022,,,,,,,,
-1.05625,0.013378175354,,,,,3.10962343096,1.15727532198,3.10962343096,1.55933271554,,,,,,,,
-1.05,0.01050625,,,,,3.12092050209,1.14734581039,3.12092050209,1.5679498135,,,,,,,,
-1.04375,0.00799487457275,,,,,3.13221757322,1.13790108006,3.13221757322,1.57621568984,,,,,,,,
-1.0375,0.00583791503906,,,,,3.14351464435,1.12892888026,3.14351464435,1.58413180778,,,,,,,,
-1.03125,0.00402927398682,,,,,3.15481171548,1.12041633956,3.15481171548,1.59170074941,,,,,,,,
-1.025,0.002562890625,,,,,3.16610878661,1.11235005748,3.16610878661,1.59892615121,,,,,,,,
-1.01875,0.00143274078369,,,,,3.17740585774,1.10471619275,3.17740585774,1.60581263455,,,,,,,,
-1.0125,0.000632836914062,,,,,3.18870292887,1.09750054785,3.18870292887,1.61236573225,,,,,,,,
-1.00625,0.000157228088379,,,,,3.2,1.09068864966,3.2,1.61859181197,,,,,,,,
-1,0,,,,,,,,,,,,,,,,
-0.99375,0.000155274963379,,,,,,,,,,,,,,,,
-0.9875,0.000617211914063,,,,,,,,,,,,,,,,
-0.98125,0.00138000640869,,,,,,,,,,,,,,,,
-0.975,0.002437890625,,,,,,,,,,,,,,,,
-0.96875,0.00378513336182,,,,,,,,,,,,,,,,
-0.9625,0.00541604003906,,,,,,,,,,,,,,,,
-0.95625,0.00732495269775,,,,,,,,,,,,,,,,
-0.95,0.00950625,,,,,,,,,,,,,,,,
-0.94375,0.011954347229,,,,,,,,,,,,,,,,
-0.9375,0.0146636962891,,,,,,,,,,,,,,,,
-0.93125,0.0176287857056,,,,,,,,,,,,,,,,
-0.925,0.020844140625,,,,,,,,,,,,,,,,
-0.91875,0.0243043228149,,,,,,,,,,,,,,,,
-0.9125,0.0280039306641,,,,,,,,,,,,,,,,
-0.90625,0.0319375991821,,,,,,,,,,,,,,,,
-0.9,0.0361,,,,,,,,,,,,,,,,
-0.89375,0.0404858413696,,,,,,,,,,,,,,,,
-0.8875,0.0450898681641,,,,,,,,,,,,,,,,
-0.88125,0.0499068618774,,,,,,,,,,,,,,,,
-0.875,0.054931640625,,,,,,,,,,,,,,,,
-0.86875,0.0601590591431,,,,,,,,,,,,,,,,
-0.8625,0.0655840087891,,,,,,,,,,,,,,,,
-0.85625,0.0712014175415,,,,,,,,,,,,,,,,
-0.85,0.07700625,,,,,,,,,,,,,,,,
-0.84375,0.0829935073853,,,,,,,,,,,,,,,,
-0.8375,0.0891582275391,,,,,,,,,,,,,,,,
-0.83125,0.0954954849243,,,,,,,,,,,,,,,,
-0.825,0.102000390625,,,,,,,,,,,,,,,,
-0.81875,0.108668092346,,,,,,,,,,,,,,,,
-0.8125,0.115493774414,,,,,,,,,,,,,,,,
-0.80625,0.122472657776,,,,,,,,,,,,,,,,
-0.8,0.1296,,,,,,,,,,,,,,,,
-0.79375,0.136871095276,,,,,,,,,,,,,,,,
-0.7875,0.144281274414,,,,,,,,,,,,,,,,
-0.78125,0.151825904846,,,,,,,,,,,,,,,,
-0.775,0.159500390625,,,,,,,,,,,,,,,,
-0.76875,0.167300172424,,,,,,,,,,,,,,,,
-0.7625,0.175220727539,,,,,,,,,,,,,,,,
-0.75625,0.183257569885,,,,,,,,,,,,,,,,
-0.75,0.19140625,,,,,,,,,,,,,,,,
-0.74375,0.199662355042,,,,,,,,,,,,,,,,
-0.7375,0.208021508789,,,,,,,,,,,,,,,,
-0.73125,0.216479371643,,,,,,,,,,,,,,,,
-0.725,0.225031640625,,,,,,,,,,,,,,,,
-0.71875,0.233674049377,,,,,,,,,,,,,,,,
-0.7125,0.242402368164,,,,,,,,,,,,,,,,
-0.70625,0.25121240387,,,,,,,,,,,,,,,,
-0.7,0.2601,,,,,,,,,,,,,,,,
-0.69375,0.269061036682,,,,,,,,,,,,,,,,
-0.6875,0.278091430664,,,,,,,,,,,,,,,,
-0.68125,0.287187135315,,,,,,,,,,,,,,,,
-0.675,0.296344140625,,,,,,,,,,,,,,,,
-0.66875,0.305558473206,,,,,,,,,,,,,,,,
-0.6625,0.314826196289,,,,,,,,,,,,,,,,
-0.65625,0.324143409729,,,,,,,,,,,,,,,,
-0.65,0.33350625,,,,,,,,,,,,,,,,
-0.64375,0.342910890198,,,,,,,,,,,,,,,,
-0.6375,0.352353540039,,,,,,,,,,,,,,,,
-0.63125,0.361830445862,,,,,,,,,,,,,,,,
-0.625,0.371337890625,,,,,,,,,,,,,,,,
-0.61875,0.380872193909,,,,,,,,,,,,,,,,
-0.6125,0.390429711914,,,,,,,,,,,,,,,,
-0.60625,0.400006837463,,,,,,,,,,,,,,,,
-0.6,0.4096,,,,,,,,,,,,,,,,
-0.59375,0.419205665588,,,,,,,,,,,,,,,,
-0.5875,0.428820336914,,,,,,,,,,,,,,,,
-0.58125,0.438440553284,,,,,,,,,,,,,,,,
-0.575,0.448062890625,,,,,,,,,,,,,,,,
-0.56875,0.457683961487,,,,,,,,,,,,,,,,
-0.5625,0.467300415039,,,,,,,,,,,,,,,,
-0.55625,0.476908937073,,,,,,,,,,,,,,,,
-0.55,0.48650625,,,,,,,,,,,,,,,,
-0.54375,0.496089112854,,,,,,,,,,,,,,,,
-0.5375,0.505654321289,,,,,,,,,,,,,,,,
-0.53125,0.515198707581,,,,,,,,,,,,,,,,
-0.525,0.524719140625,,,,,,,,,,,,,,,,
-0.51875,0.53421252594,,,,,,,,,,,,,,,,
-0.5125,0.543675805664,,,,,,,,,,,,,,,,
-0.50625,0.553105958557,,,,,,,,,,,,,,,,
-0.5,0.5625,,,,,,,,,,,,,,,,
-0.49375,0.571854981995,,,,,,,,,,,,,,,,
-0.4875,0.581167993164,,,,,,,,,,,,,,,,
-0.48125,0.590436158752,,,,,,,,,,,,,,,,
-0.475,0.599656640625,,,,,,,,,,,,,,,,
-0.46875,0.608826637268,,,,,,,,,,,,,,,,
-0.4625,0.617943383789,,,,,,,,,,,,,,,,
-0.45625,0.627004151917,,,,,,,,,,,,,,,,
-0.45,0.63600625,,,,,,,,,,,,,,,,
-0.44375,0.64494702301,,,,,,,,,,,,,,,,
-0.4375,0.653823852539,,,,,,,,,,,,,,,,
-0.43125,0.662634156799,,,,,,,,,,,,,,,,
-0.425,0.671375390625,,,,,,,,,,,,,,,,
-0.41875,0.680045045471,,,,,,,,,,,,,,,,
-0.4125,0.688640649414,,,,,,,,,,,,,,,,
-0.40625,0.697159767151,,,,,,,,,,,,,,,,
-0.4,0.7056,,,,,,,,,,,,,,,,
-0.39375,0.713958985901,,,,,,,,,,,,,,,,
-0.3875,0.722234399414,,,,,,,,,,,,,,,,
-0.38125,0.730423951721,,,,,,,,,,,,,,,,
-0.375,0.738525390625,,,,,,,,,,,,,,,,
-0.36875,0.746536500549,,,,,,,,,,,,,,,,
-0.3625,0.754455102539,,,,,,,,,,,,,,,,
-0.35625,0.76227905426,,,,,,,,,,,,,,,,
-0.35,0.77000625,,,,,,,,,,,,,,,,
-0.34375,0.777634620667,,,,,,,,,,,,,,,,
-0.3375,0.785162133789,,,,,,,,,,,,,,,,
-0.33125,0.792586793518,,,,,,,,,,,,,,,,
-0.325,0.799906640625,,,,,,,,,,,,,,,,
-0.31875,0.807119752502,,,,,,,,,,,,,,,,
-0.3125,0.814224243164,,,,,,,,,,,,,,,,
-0.30625,0.821218263245,,,,,,,,,,,,,,,,
-0.3,0.8281,,,,,,,,,,,,,,,,
-0.29375,0.834867677307,,,,,,,,,,,,,,,,
-0.2875,0.841519555664,,,,,,,,,,,,,,,,
-0.28125,0.84805393219,,,,,,,,,,,,,,,,
-0.275,0.854469140625,,,,,,,,,,,,,,,,
-0.26875,0.860763551331,,,,,,,,,,,,,,,,
-0.2625,0.866935571289,,,,,,,,,,,,,,,,
-0.25625,0.872983644104,,,,,,,,,,,,,,,,
-0.25,0.87890625,,,,,,,,,,,,,,,,
-0.24375,0.884701905823,,,,,,,,,,,,,,,,
-0.2375,0.890369165039,,,,,,,,,,,,,,,,
-0.23125,0.895906617737,,,,,,,,,,,,,,,,
-0.225,0.901312890625,,,,,,,,,,,,,,,,
-0.21875,0.906586647034,,,,,,,,,,,,,,,,
-0.2125,0.911726586914,,,,,,,,,,,,,,,,
-0.20625,0.916731446838,,,,,,,,,,,,,,,,
-0.2,0.9216,,,,,,,,,,,,,,,,
-0.19375,0.926331056213,,,,,,,,,,,,,,,,
-0.1875,0.930923461914,,,,,,,,,,,,,,,,
-0.18125,0.935376100159,,,,,,,,,,,,,,,,
-0.175,0.939687890625,,,,,,,,,,,,,,,,
-0.16875,0.943857789612,,,,,,,,,,,,,,,,
-0.1625,0.947884790039,,,,,,,,,,,,,,,,
-0.15625,0.951767921448,,,,,,,,,,,,,,,,
-0.15,0.95550625,,,,,,,,,,,,,,,,
-0.14375,0.959098878479,,,,,,,,,,,,,,,,
-0.1375,0.962544946289,,,,,,,,,,,,,,,,
-0.13125,0.965843629456,,,,,,,,,,,,,,,,
-0.125,0.968994140625,,,,,,,,,,,,,,,,
-0.11875,0.971995729065,,,,,,,,,,,,,,,,
-0.1125,0.974847680664,,,,,,,,,,,,,,,,
-0.10625,0.977549317932,,,,,,,,,,,,,,,,
-0.1,0.9801,,,,,,,,,,,,,,,,
-0.09375,0.98249912262,,,,,,,,,,,,,,,,
-0.0875,0.984746118164,,,,,,,,,,,,,,,,
-0.08125,0.986840455627,,,,,,,,,,,,,,,,
-0.075,0.988781640625,,,,,,,,,,,,,,,,
-0.06875,0.990569215393,,,,,,,,,,,,,,,,
-0.0625,0.992202758789,,,,,,,,,,,,,,,,
-0.05625,0.993681886292,,,,,,,,,,,,,,,,
-0.05,0.99500625,,,,,,,,,,,,,,,,
-0.04375,0.996175538635,,,,,,,,,,,,,,,,
-0.0375,0.997189477539,,,,,,,,,,,,,,,,
-0.03125,0.998047828674,,,,,,,,,,,,,,,,
-0.025,0.998750390625,,,,,,,,,,,,,,,,
-0.01875,0.999296998596,,,,,,,,,,,,,,,,
-0.0125,0.999687524414,,,,,,,,,,,,,,,,
-0.00625,0.999921876526,,,,,,,,,,,,,,,,
0,1,,,,,,,,,,,,,,,,
0.00625,0.999921876526,,,,,,,,,,,,,,,,
0.0125,0.999687524414,,,,,,,,,,,,,,,,
0.01875,0.999296998596,,,,,,,,,,,,,,,,
0.025,0.998750390625,,,,,,,,,,,,,,,,
0.03125,0.998047828674,,,,,,,,,,,,,,,,
0.0375,0.997189477539,,,,,,,,,,,,,,,,
0.04375,0.996175538635,,,,,,,,,,,,,,,,
0.05,0.99500625,,,,,,,,,,,,,,,,
0.05625,0.993681886292,,,,,,,,,,,,,,,,
0.0625,0.992202758789,,,,,,,,,,,,,,,,
0.06875,0.990569215393,,,,,,,,,,,,,,,,
0.075,0.988781640625,,,,,,,,,,,,,,,,
0.08125,0.986840455627,,,,,,,,,,,,,,,,
0.0875,0.984746118164,,,,,,,,,,,,,,,,
0.09375,0.98249912262,,,,,,,,,,,,,,,,
0.1,0.9801,,,,,,,,,,,,,,,,
0.10625,0.977549317932,,,,,,,,,,,,,,,,
0.1125,0.974847680664,,,,,,,,,,,,,,,,
0.11875,0.971995729065,,,,,,,,,,,,,,,,
0.125,0.968994140625,,,,,,,,,,,,,,,,
0.13125,0.965843629456,,,,,,,,,,,,,,,,
0.1375,0.962544946289,,,,,,,,,,,,,,,,
0.14375,0.959098878479,,,,,,,,,,,,,,,,
0.15,0.95550625,,,,,,,,,,,,,,,,
0.15625,0.951767921448,,,,,,,,,,,,,,,,
0.1625,0.947884790039,,,,,,,,,,,,,,,,
0.16875,0.943857789612,,,,,,,,,,,,,,,,
0.175,0.939687890625,,,,,,,,,,,,,,,,
0.18125,0.935376100159,,,,,,,,,,,,,,,,
0.1875,0.930923461914,,,,,,,,,,,,,,,,
0.19375,0.926331056213,,,,,,,,,,,,,,,,
0.2,0.9216,,,,,,,,,,,,,,,,
0.20625,0.916731446838,,,,,,,,,,,,,,,,
0.2125,0.911726586914,,,,,,,,,,,,,,,,
0.21875,0.906586647034,,,,,,,,,,,,,,,,
0.225,0.901312890625,,,,,,,,,,,,,,,,
0.23125,0.895906617737,,,,,,,,,,,,,,,,
0.2375,0.890369165039,,,,,,,,,,,,,,,,
0.24375,0.884701905823,,,,,,,,,,,,,,,,
0.25,0.87890625,,,,,,,,,,,,,,,,
0.25625,0.872983644104,,,,,,,,,,,,,,,,
0.2625,0.866935571289,,,,,,,,,,,,,,,,
0.26875,0.860763551331,,,,,,,,,,,,,,,,
0.275,0.854469140625,,,,,,,,,,,,,,,,
0.28125,0.84805393219,,,,,,,,,,,,,,,,
0.2875,0.841519555664,,,,,,,,,,,,,,,,
0.29375,0.834867677307,,,,,,,,,,,,,,,,
0.3,0.8281,,,,,,,,,,,,,,,,
0.30625,0.821218263245,,,,,,,,,,,,,,,,
0.3125,0.814224243164,,,,,,,,,,,,,,,,
0.31875,0.807119752502,,,,,,,,,,,,,,,,
0.325,0.799906640625,,,,,,,,,,,,,,,,
0.33125,0.792586793518,,,,,,,,,,,,,,,,
0.3375,0.785162133789,,,,,,,,,,,,,,,,
0.34375,0.777634620667,,,,,,,,,,,,,,,,
0.35,0.77000625,,,,,,,,,,,,,,,,
0.35625,0.76227905426,,,,,,,,,,,,,,,,
0.3625,0.754455102539,,,,,,,,,,,,,,,,
0.36875,0.746536500549,,,,,,,,,,,,,,,,
0.375,0.738525390625,,,,,,,,,,,,,,,,
0.38125,0.730423951721,,,,,,,,,,,,,,,,
0.3875,0.722234399414,,,,,,,,,,,,,,,,
0.39375,0.713958985901,,,,,,,,,,,,,,,,
0.4,0.7056,,,,,,,,,,,,,,,,
0.40625,0.697159767151,,,,,,,,,,,,,,,,
0.4125,0.688640649414,,,,,,,,,,,,,,,,
0.41875,0.680045045471,,,,,,,,,,,,,,,,
0.425,0.671375390625,,,,,,,,,,,,,,,,
0.43125,0.662634156799,,,,,,,,,,,,,,,,
0.4375,0.653823852539,,,,,,,,,,,,,,,,
0.44375,0.64494702301,,,,,,,,,,,,,,,,
0.45,0.63600625,,,,,,,,,,,,,,,,
0.45625,0.627004151917,,,,,,,,,,,,,,,,
0.4625,0.617943383789,,,,,,,,,,,,,,,,
0.46875,0.608826637268,,,,,,,,,,,,,,,,
0.475,0.599656640625,,,,,,,,,,,,,,,,
0.48125,0.590436158752,,,,,,,,,,,,,,,,
0.4875,0.581167993164,,,,,,,,,,,,,,,,
0.49375,0.571854981995,,,,,,,,,,,,,,,,
0.5,0.5625,,,,,,,,,,,,,,,,
0.50625,0.553105958557,,,,,,,,,,,,,,,,
0.5125,0.543675805664,,,,,,,,,,,,,,,,
0.51875,0.53421252594,,,,,,,,,,,,,,,,
0.525,0.524719140625,,,,,,,,,,,,,,,,
0.53125,0.515198707581,,,,,,,,,,,,,,,,
0.5375,0.505654321289,,,,,,,,,,,,,,,,
0.54375,0.496089112854,,,,,,,,,,,,,,,,
0.55,0.48650625,,,,,,,,,,,,,,,,
0.55625,0.476908937073,,,,,,,,,,,,,,,,
0.5625,0.467300415039,,,,,,,,,,,,,,,,
0.56875,0.457683961487,,,,,,,,,,,,,,,,
0.575,0.448062890625,,,,,,,,,,,,,,,,
0.58125,0.438440553284,,,,,,,,,,,,,,,,
0.5875,0.428820336914,,,,,,,,,,,,,,,,
0.59375,0.419205665588,,,,,,,,,,,,,,,,
0.6,0.4096,,,,,,,,,,,,,,,,
0.60625,0.400006837463,,,,,,,,,,,,,,,,
0.6125,0.390429711914,,,,,,,,,,,,,,,,
0.61875,0.380872193909,,,,,,,,,,,,,,,,
0.625,0.371337890625,,,,,,,,,,,,,,,,
0.63125,0.361830445862,,,,,,,,,,,,,,,,
0.6375,0.352353540039,,,,,,,,,,,,,,,,
0.64375,0.342910890198,,,,,,,,,,,,,,,,
0.65,0.33350625,,,,,,,,,,,,,,,,
0.65625,0.324143409729,,,,,,,,,,,,,,,,
0.6625,0.314826196289,,,,,,,,,,,,,,,,
0.66875,0.305558473206,,,,,,,,,,,,,,,,
0.675,0.296344140625,,,,,,,,,,,,,,,,
0.68125,0.287187135315,,,,,,,,,,,,,,,,
0.6875,0.278091430664,,,,,,,,,,,,,,,,
0.69375,0.269061036682,,,,,,,,,,,,,,,,
0.7,0.2601,,,,,,,,,,,,,,,,
0.70625,0.25121240387,,,,,,,,,,,,,,,,
0.7125,0.242402368164,,,,,,,,,,,,,,,,
0.71875,0.233674049377,,,,,,,,,,,,,,,,
0.725,0.225031640625,,,,,,,,,,,,,,,,
0.73125,0.216479371643,,,,,,,,,,,,,,,,
0.7375,0.208021508789,,,,,,,,,,,,,,,,
0.74375,0.199662355042,,,,,,,,,,,,,,,,
0.75,0.19140625,,,,,,,,,,,,,,,,
0.75625,0.183257569885,,,,,,,,,,,,,,,,
0.7625,0.175220727539,,,,,,,,,,,,,,,,
0.76875,0.167300172424,,,,,,,,,,,,,,,,
0.775,0.159500390625,,,,,,,,,,,,,,,,
0.78125,0.151825904846,,,,,,,,,,,,,,,,
0.7875,0.144281274414,,,,,,,,,,,,,,,,
0.79375,0.136871095276,,,,,,,,,,,,,,,,
0.8,0.1296,,,,,,,,,,,,,,,,
0.80625,0.122472657776,,,,,,,,,,,,,,,,
0.8125,0.115493774414,,,,,,,,,,,,,,,,
0.81875,0.108668092346,,,,,,,,,,,,,,,,
0.825,0.102000390625,,,,,,,,,,,,,,,,
0.83125,0.0954954849243,,,,,,,,,,,,,,,,
0.8375,0.0891582275391,,,,,,,,,,,,,,,,
0.84375,0.0829935073853,,,,,,,,,,,,,,,,
0.85,0.07700625,,,,,,,,,,,,,,,,
0.85625,0.0712014175415,,,,,,,,,,,,,,,,
0.8625,0.0655840087891,,,,,,,,,,,,,,,,
0.86875,0.0601590591431,,,,,,,,,,,,,,,,
0.875,0.054931640625,,,,,,,,,,,,,,,,
0.88125,0.0499068618774,,,,,,,,,,,,,,,,
0.8875,0.0450898681641,,,,,,,,,,,,,,,,
0.89375,0.0404858413696,,,,,,,,,,,,,,,,
0.9,0.0361,,,,,,,,,,,,,,,,
0.90625,0.0319375991821,,,,,,,,,,,,,,,,
0.9125,0.0280039306641,,,,,,,,,,,,,,,,
0.91875,0.0243043228149,,,,,,,,,,,,,,,,
0.925,0.020844140625,,,,,,,,,,,,,,,,
0.93125,0.0176287857056,,,,,,,,,,,,,,,,
0.9375,0.0146636962891,,,,,,,,,,,,,,,,
0.94375,0.011954347229,,,,,,,,,,,,,,,,
0.95,0.00950625,,,,,,,,,,,,,,,,
0.95625,0.00732495269775,,,,,,,,,,,,,,,,
0.9625,0.00541604003906,,,,,,,,,,,,,,,,
0.96875,0.00378513336182,,,,,,,,,,,,,,,,
0.975,0.002437890625,,,,,,,,,,,,,,,,
0.98125,0.00138000640869,,,,,,,,,,,,,,,,
0.9875,0.000617211914062,,,,,,,,,,,,,,,,
0.99375,0.000155274963379,,,,,,,,,,,,,,,,
1,0,,,,,,,,,,,,,,,,
1.00625,0.000157228088379,,,,,,,,,,,,,,,,
1.0125,0.000632836914063,,,,,,,,,,,,,,,,
1.01875,0.00143274078369,,,,,,,,,,,,,,,,
1.025,0.002562890625,,,,,,,,,,,,,,,,
1.03125,0.00402927398682,,,,,,,,,,,,,,,,
1.0375,0.00583791503906,,,,,,,,,,,,,,,,
1.04375,0.00799487457275,,,,,,,,,,,,,,,,
1.05,0.01050625,,,,,,,,,,,,,,,,
1.05625,0.013378175354,,,,,,,,,,,,,,,,
1.0625,0.0166168212891,,,,,,,,,,,,,,,,
1.06875,0.0202283950806,,,,,,,,,,,,,,,,
1.075,0.024219140625,,,,,,,,,,,,,,,,
1.08125,0.0285953384399,,,,,,,,,,,,,,,,
1.0875,0.0333633056641,,,,,,,,,,,,,,,,
1.09375,0.0385293960571,,,,,,,,,,,,,,,,
1.1,0.0441,,,,,,,,,,,,,,,,
1.10625,0.0500815444946,,,,,,,,,,,,,,,,
1.1125,0.0564804931641,,,,,,,,,,,,,,,,
1.11875,0.0633033462524,,,,,,,,,,,,,,,,
1.125,0.070556640625,,,,,,,,,,,,,,,,
1.13125,0.0782469497681,,,,,,,,,,,,,,,,
1.1375,0.0863808837891,,,,,,,,,,,,,,,,
1.14375,0.0949650894165,,,,,,,,,,,,,,,,
1.15,0.10400625,,,,,,,,,,,,,,,,
1.15625,0.11351108551,,,,,,,,,,,,,,,,
1.1625,0.123486352539,,,,,,,,,,,,,,,,
1.16875,0.133938844299,,,,,,,,,,,,,,,,
1.175,0.144875390625,,,,,,,,,,,,,,,,
1.18125,0.156302857971,,,,,,,,,,,,,,,,
1.1875,0.168228149414,,,,,,,,,,,,,,,,
1.19375,0.180658204651,,,,,,,,,,,,,,,,
1.2,0.1936,,,,,,,,,,,,,,,,
1.20625,0.207060548401,,,,,,,,,,,,,,,,
1.2125,0.221046899414,,,,,,,,,,,,,,,,
1.21875,0.235566139221,,,,,,,,,,,,,,,,
1.225,0.250625390625,,,,,,,,,,,,,,,,
1.23125,0.266231813049,,,,,,,,,,,,,,,,
1.2375,0.282392602539,,,,,,,,,,,,,,,,
1.24375,0.29911499176,,,,,,,,,,,,,,,,
1.25,0.31640625,,,,,,,,,,,,,,,,
1.25625,0.334273683167,,,,,,,,,,,,,,,,
1.2625,0.352724633789,,,,,,,,,,,,,,,,
1.26875,0.371766481018,,,,,,,,,,,,,,,,
1.275,0.391406640625,,,,,,,,,,,,,,,,
1.28125,0.411652565002,,,,,,,,,,,,,,,,
1.2875,0.432511743164,,,,,,,,,,,,,,,,
1.29375,0.453991700745,,,,,,,,,,,,,,,,
1.3,0.4761,,,,,,,,,,,,,,,,
1.30625,0.498844239807,,,,,,,,,,,,,,,,
1.3125,0.522232055664,,,,,,,,,,,,,,,,
1.31875,0.54627111969,,,,,,,,,,,,,,,,
1.325,0.570969140625,,,,,,,,,,,,,,,,
1.33125,0.596333863831,,,,,,,,,,,,,,,,
1.3375,0.622373071289,,,,,,,,,,,,,,,,
1.34375,0.649094581604,,,,,,,,,,,,,,,,
1.35,0.67650625,,,,,,,,,,,,,,,,
1.35625,0.704615968323,,,,,,,,,,,,,,,,
1.3625,0.733431665039,,,,,,,,,,,,,,,,
1.36875,0.762961305237,,,,,,,,,,,,,,,,
1.375,0.793212890625,,,,,,,,,,,,,,,,
1.38125,0.824194459534,,,,,,,,,,,,,,,,
1.3875,0.855914086914,,,,,,,,,,,,,,,,
1.39375,0.888379884338,,,,,,,,,,,,,,,,
1.4,0.9216,,,,,,,,,,,,,,,,
1.40625,0.955582618713,,,,,,,,,,,,,,,,
1.4125,0.990335961914,,,,,,,,,,,,,,,,
1.41875,1.02586828766,,,,,,,,,,,,,,,,
1.425,1.06218789063,,,,,,,,,,,,,,,,
1.43125,1.09930310211,,,,,,,,,,,,,,,,
1.4375,1.13722229004,,,,,,,,,,,,,,,,
1.44375,1.17595385895,,,,,,,,,,,,,,,,
1.45,1.21550625,,,,,,,,,,,,,,,,
1.45625,1.25588794098,,,,,,,,,,,,,,,,
1.4625,1.29710744629,,,,,,,,,,,,,,,,
1.46875,1.33917331696,,,,,,,,,,,,,,,,
1.475,1.38209414063,,,,,,,,,,,,,,,,
1.48125,1.42587854156,,,,,,,,,,,,,,,,
1.4875,1.47053518066,,,,,,,,,,,,,,,,
1.49375,1.51607275543,,,,,,,,,,,,,,,,
1.5,1.5625,,,,,,,,,,,,,,,,
1.50625,1.60982568512,,,,,,,,,,,,,,,,
1.5125,1.65805861816,,,,,,,,,,,,,,,,
1.51875,1.70720764313,,,,,,,,,,,,,,,,
1.525,1.75728164063,,,,,,,,,,,,,,,,
1.53125,1.80828952789,,,,,,,,,,,,,,,,
1.5375,1.86024025879,,,,,,,,,,,,,,,,
1.54375,1.91314282379,,,,,,,,,,,,,,,,
1.55,1.96700625,,,,,,,,,,,,,,,,
1.55625,2.02183960114,,,,,,,,,,,,,,,,
1.5625,2.07765197754,,,,,,,,,,,,,,,,
1.56875,2.13445251617,,,,,,,,,,,,,,,,
1.575,2.19225039063,,,,,,,,,,,,,,,,
1.58125,2.2510548111,,,,,,,,,,,,,,,,
1.5875,2.31087502441,,,,,,,,,,,,,,,,
1.59375,2.37172031403,,,,,,,,,,,,,,,,
1.6,2.4336,,,,,,,,,,,,,,,,
1.60625,2.49652343903,,,,,,,,,,,,,,,,
1.6125,2.56050002441,,,,,,,,,,,,,,,,
1.61875,2.6255391861,,,,,,,,,,,,,,,,
1.625,2.69165039062,,,,,,,,,,,,,,,,
1.63125,2.75884314117,,,,,,,,,,,,,,,,
1.6375,2.82712697754,,,,,,,,,,,,,,,,
1.64375,2.89651147614,,,,,,,,,,,,,,,,
1.65,2.96700625,,,,,,,,,,,,,,,,
1.65625,3.03862094879,,,,,,,,,,,,,,,,
1.6625,3.11136525879,,,,,,,,,,,,,,,,
1.66875,3.18524890289,,,,,,,,,,,,,,,,
1.675,3.26028164062,,,,,,,,,,,,,,,,
1.68125,3.33647326813,,,,,,,,,,,,,,,,
1.6875,3.41383361816,,,,,,,,,,,,,,,,
1.69375,3.49237256012,,,,,,,,,,,,,,,,
1.7,3.5721,,,,,,,,,,,,,,,,
1.70625,3.65302588043,,,,,,,,,,,,,,,,
1.7125,3.73516018066,,,,,,,,,,,,,,,,
1.71875,3.81851291656,,,,,,,,,,,,,,,,
1.725,3.90309414063,,,,,,,,,,,,,,,,
1.73125,3.98891394196,,,,,,,,,,,,,,,,
1.7375,4.07598244629,,,,,,,,,,,,,,,,
1.74375,4.16430981598,,,,,,,,,,,,,,,,
1.75,4.25390625,,,,,,,,,,,,,,,,
1.75625,4.34478198395,,,,,,,,,,,,,,,,
1.7625,4.43694729004,,,,,,,,,,,,,,,,
1.76875,4.53041247711,,,,,,,,,,,,,,,,
1.775,4.62518789063,,,,,,,,,,,,,,,,
1.78125,4.72128391266,,,,,,,,,,,,,,,,
1.7875,4.81871096191,,,,,,,,,,,,,,,,
1.79375,4.91747949371,,,,,,,,,,,,,,,,
1.8,5.0176,,,,,,,,,,,,,,,,
1.80625,5.11908300934,,,,,,,,,,,,,,,,
1.8125,5.22193908691,,,,,,,,,,,,,,,,
1.81875,5.32617883453,,,,,,,,,,,,,,,,
1.825,5.43181289063,,,,,,,,,,,,,,,,
1.83125,5.53885193024,,,,,,,,,,,,,,,,
1.8375,5.64730666504,,,,,,,,,,,,,,,,
1.84375,5.75718784332,,,,,,,,,,,,,,,,
1.85,5.86850625,,,,,,,,,,,,,,,,
1.85625,5.9812727066,,,,,,,,,,,,,,,,
1.8625,6.09549807129,,,,,,,,,,,,,,,,
1.86875,6.21119323883,,,,,,,,,,,,,,,,
1.875,6.32836914062,,,,,,,,,,,,,,,,
1.88125,6.44703674469,,,,,,,,,,,,,,,,
1.8875,6.56720705566,,,,,,,,,,,,,,,,
1.89375,6.68889111481,,,,,,,,,,,,,,,,
1.9,6.8121,,,,,,,,,,,,,,,,
1.90625,6.93684482574,,,,,,,,,,,,,,,,
1.9125,7.06313674316,,,,,,,,,,,,,,,,
1.91875,7.19098694,,,,,,,,,,,,,,,,
1.925,7.32040664062,,,,,,,,,,,,,,,,
1.93125,7.45140710602,,,,,,,,,,,,,,,,
1.9375,7.58399963379,,,,,,,,,,,,,,,,
1.94375,7.71819555817,,,,,,,,,,,,,,,,
1.95,7.85400625,,,,,,,,,,,,,,,,
1.95625,7.99144311676,,,,,,,,,,,,,,,,
1.9625,8.13051760254,,,,,,,,,,,,,,,,
1.96875,8.27124118805,,,,,,,,,,,,,,,,
1.975,8.41362539063,,,,,,,,,,,,,,,,
1.98125,8.55768176422,,,,,,,,,,,,,,,,
1.9875,8.70342189941,,,,,,,,,,,,,,,,
1.99375,8.8508574234,,,,,,,,,,,,,,,,
2,9,,,,,,,,,,,,,,,,
2.00625,9.15086132965,,,,,,,,,,,,,,,,
2.0125,9.30345314941,,,,,,,,,,,,,,,,
2.01875,9.45778723297,,,,,,,,,,,,,,,,
2.025,9.61387539063,,,,,,,,,,,,,,,,
2.03125,9.7717294693,,,,,,,,,,,,,,,,
2.0375,9.93136135254,,,,,,,,,,,,,,,,
2.04375,10.0927829605,,,,,,,,,,,,,,,,
2.05,10.25600625,,,,,,,,,,,,,,,,
2.05625,10.4210432144,,,,,,,,,,,,,,,,
2.0625,10.5879058838,,,,,,,,,,,,,,,,
2.06875,10.7566063248,,,,,,,,,,,,,,,,
2.075,10.9271566406,,,,,,,,,,,,,,,,
2.08125,11.0995689713,,,,,,,,,,,,,,,,
2.0875,11.2738554932,,,,,,,,,,,,,,,,
2.09375,11.4500284195,,,,,,,,,,,,,,,,
2.1,11.6281,,,,,,,,,,,,,,,,
2.10625,11.8080825211,,,,,,,,,,,,,,,,
2.1125,11.9899883057,,,,,,,,,,,,,,,,
2.11875,12.1738297134,,,,,,,,,,,,,,,,
2.125,12.3596191406,,,,,,,,,,,,,,,,
2.13125,12.5473690201,,,,,,,,,,,,,,,,
2.1375,12.7370918213,,,,,,,,,,,,,,,,
2.14375,12.9288000504,,,,,,,,,,,,,,,,
2.15,13.12250625,,,,,,,,,,,,,,,,
2.15625,13.3182229996,,,,,,,,,,,,,,,,
2.1625,13.515962915,,,,,,,,,,,,,,,,
2.16875,13.715738649,,,,,,,,,,,,,,,,
2.175,13.9175628906,,,,,,,,,,,,,,,,
2.18125,14.1214483658,,,,,,,,,,,,,,,,
2.1875,14.3274078369,,,,,,,,,,,,,,,,
2.19375,14.5354541031,,,,,,,,,,,,,,,,
2.2,14.7456,,,,,,,,,,,,,,,,
2.20625,14.9578584,,,,,,,,,,,,,,,,
2.2125,15.1722422119,,,,,,,,,,,,,,,,
2.21875,15.3887643814,,,,,,,,,,,,,,,,
2.225,15.6074378906,,,,,,,,,,,,,,,,
2.23125,15.8282757584,,,,,,,,,,,,,,,,
2.2375,16.05129104,,,,,,,,,,,,,,,,
2.24375,16.2764968277,,,,,,,,,,,,,,,,
2.25,16.50390625,,,,,,,,,,,,,,,,
2.25625,16.7335324722,,,,,,,,,,,,,,,,
2.2625,16.9653886963,,,,,,,,,,,,,,,,
2.26875,17.1994881607,,,,,,,,,,,,,,,,
2.275,17.4358441406,,,,,,,,,,,,,,,,
2.28125,17.6744699478,,,,,,,,,,,,,,,,
2.2875,17.9153789307,,,,,,,,,,,,,,,,
2.29375,18.1585844742,,,,,,,,,,,,,,,,
2.3,18.4041,,,,,,,,,,,,,,,,
2.30625,18.6519389664,,,,,,,,,,,,,,,,
2.3125,18.9021148682,,,,,,,,,,,,,,,,
2.31875,19.1546412369,,,,,,,,,,,,,,,,
2.325,19.4095316406,,,,,,,,,,,,,,,,
2.33125,19.6667996841,,,,,,,,,,,,,,,,
2.3375,19.9264590088,,,,,,,,,,,,,,,,
2.34375,20.1885232925,,,,,,,,,,,,,,,,
2.35,20.45300625,,,,,,,,,,,,,,,,
2.35625,20.7199216324,,,,,,,,,,,,,,,,
2.3625,20.9892832275,,,,,,,,,,,,,,,,
2.36875,21.2611048599,,,,,,,,,,,,,,,,
2.375,21.5354003906,,,,,,,,,,,,,,,,
2.38125,21.8121837173,,,,,,,,,,,,,,,,
2.3875,22.0914687744,,,,,,,,,,,,,,,,
2.39375,22.3732695328,,,,,,,,,,,,,,,,
2.4,22.6576,,,,,,,,,,,,,,,,
2.40625,22.9444742203,,,,,,,,,,,,,,,,
2.4125,23.2339062744,,,,,,,,,,,,,,,,
2.41875,23.5259102798,,,,,,,,,,,,,,,,
2.425,23.8205003906,,,,,,,,,,,,,,,,
2.43125,24.1176907974,,,,,,,,,,,,,,,,
2.4375,24.4174957275,,,,,,,,,,,,,,,,
2.44375,24.7199294449,,,,,,,,,,,,,,,,
2.45,25.02500625,,,,,,,,,,,,,,,,
2.45625,25.33274048,,,,,,,,,,,,,,,,
2.4625,25.6431465088,,,,,,,,,,,,,,,,
2.46875,25.9562387466,,,,,,,,,,,,,,,,
2.475,26.2720316406,,,,,,,,,,,,,,,,
2.48125,26.5905396744,,,,,,,,,,,,,,,,
2.4875,26.9117773682,,,,,,,,,,,,,,,,
2.49375,27.2357592789,,,,,,,,,,,,,,,,
2.5,27.5625,,,,,,,,,,,,,,,,
